Workbook

Sheet data
A1: Company | B1: Pharmacia & Upjohn | C1: Crane PlasticsTimebertech | D1: Nitta Casing | E1: Doe Run | F1: Kal Kan-1 | G1: Crane Plastics siding | H1: Hoechst Marrion Roussel | I1: Shultz Foods | J1: PP&L | K1: Duquesne Light | L1: Guest | M1: NY Life | N1: Genentech | O1: C.B. Fleet | P1: NIBCO | Q1: Hutchinson Sealing systems | R1: Black Butte Coal | S1: Techneglas | T1: SNC-US | U1: Snyder's of Hanover | V1: Agilent Technology | W1: Infineon | X1: Copella Fruit Juices | Y1: PGI#1 - Benson | Z1: GlaxoSmithKline | AA1: B Braun | AB1: B Braun Mold Shop | AC1: Dana#2 (Perfect Circle) | AD1: Effem | AE1: Borg Warner | AF1: Unilever | AG1: RBX Industries | AH1: Convergent Label Tech | AI1: BGE#1 | AJ1: BGE#2 | AK1: BGE#3 | AL1: BGE#5 | AM1: BGE#6 | AN1: Andersen #1 | AO1: Lutherwood | AP1: Borg#2 | AQ1: Ocadian Care Centers | AR1: Philips - Salina | AS1: Quest | AT1: Dana #1 | AU1: Mars Line 8 | AV1: Mars IP | AW1: Mars#2 | AX1: Mars3 | AY1: Mars#4 | AZ1: Philips-Bath | BA1: Kal Kan-2 | BB1: PGI Gainesville | BC1: DSM2 | BD1: Dynamic Windows | BE1: RIM | BF1: Impax Laboratories | BG1: Toray Membrane | BH1: Elan | BI1: American Licorice | BJ1: PGI3 | BK1: Royal Canadian Mint | BL1: Dana #3 | BM1: Masterfoods Mattoon | BN1: Santa Barbara Co. | BO1: Nestle | BP1: Rockline | BQ1: Masterfoods - Cleveland | BR1: Masterfoods - Waco | BS1: IP - Seaboard | BT1: Alkermes | BU1: Masterfoods Columbus | BV1: Lafarge Buchanan | BW1: Marathon | BX1: Armstrong | BY1: Andersen #2 | BZ1: IP - Maplesville | CA1: Placer Dome | CB1: Westinghouse | CC1: San Manuel Casino | CD1: Pepsi-Transport | CE1: Toray Production | CF1: Toray Test Lab | CG1: Lafarge Palatka | CH1: Pepsi-Roanoke | CI1: Pepsi-Hayward | CJ1: DSM Pharmaceuticals | CK1: SkyTrain | CL1: GSK#2 | CM1: Pepsi Detroit | CN1: Pepsi Columbia | CO1: GPA | CP1: Unilock | CQ1: Corn Products | CR1: PGI - Landisville | CS1: Valmont Maint | CT1: Valmont Production | CU1: Mackay Envelope | CV1: Rohm & Haas | CW1: Pepsi - Mississauga | CX1: Lafarge Silver Grove | CY1: Trustile Doors | CZ1: Trustile2 | DA1: Toray Plastics | DB1: Toray Plastics - Day Shift | DC1: Trustile #3 | DD1: Boulder Scientific | DE1: Buckeye Partners | DF1: Toyota Woodstock | DG1: Toyota Cambridge | DH1: Medtronic | DI1: Thermo Fisher Scientific | DJ1: LM Glasfiber | DK1: Capri | DL1: EGS Electrical | DM1: Xerox Canada | DN1: Campbell's | DO1: Royal Canadian Mint #3 | DP1: American Refining Group | DQ1: SCA Tissue | DR1: Imperial Sugar | DS1: Nike-Northridge | DT1: Nike-Winchester | DU1: BP - Husky | DV1: Oberthur | DW1: Nike-Shelby | DX1: Compass Minerals | DY1: SITA | DZ1: Kellogg's San Jose | EA1: Kellogg Wyoming | EB1: Kellogg Florence | EC1: Tessera | ED1: Shearer's Foods | EE1: Akzo Nobel | EF1: Kellogg's Chicago | EG1: Kellogg's Utah | EH1: Kellogg's London | EI1: Kellogg's Augusta | EJ1: Sunnyvale WPCP | EK1: Nisshinbo | EL1: Things Remembered | EM1: Kellogg - Kansas City | EN1: Mars Canada | EO1: Kellogg Zanesville | EP1: Kellogg Seelyville | EQ1: Vale | ER1: LMS Temp | ES1: LMS FT | ET1: Aptalis Pharmatech | EU1: Nestle Dreyers | EV1: MIBA Bearings | EW1: Silfex | EX1: Under Armour | EY1: Nissin Brake | EZ1: Baxter | FA1: Blue Bird | FB1: Insinkerator | FC1: Bay Valley Foods | FD1: PPL Security | FE1: United Airlines | FF1: Buddig | FG1: Menasha | FH1: Pepsi - San Antonio | FI1: Pepsi - Mesquite | FJ1: President Container | FK1: PCS Phos[hate | FL1: MackayMitchell Envelope | FM1: Menasha Packaging 2 | FN1: Baptista's Bakery | FO1: S&D Core | FP1: S&D Non-Core | FQ1: Continental Automotive | FR1: Beckman & Coulter | FS1: Nestle Purina PetCare | FT1: Harbar | FU1: Continental Building Products | FV1: Diamond Foods | FW1: Nestle Freehold | FX1: Nestle Fort Dodge | FY1: Compass Minerals | FZ1: Nestle Jefferson | GA1: Dutchland | GB1: Andersen | GC1: Medtronic | GD1: Essity Neenah | GE1: Essity South Glen Falls | GF1: Essity Middletown | GG1: Essity Harrodsburg | GH1: BD Four Oaks NC | GI1: BD Sparks MD | GJ1: BD Columbus NE | GK1: BD Covington GA | GL1: Hemlock Legacy | GM1: UTZ Plant 3 | GN1: UTZ Plant 4 | GO1: UTZ Plant 2 | GP1: Hemlock Finishing | GQ1: Campbells Beloit WE | GR1: Andersen Windows Maintenance | GS1: Westrock Demopolis, AL | GT1: Mondelēz Richmond VA | GU1: Prysmian | GV1: Averages
A2: Headcount | B2: 598 | C2: 30 | D2: 75 | E2: 610 | F2: 185 | G2: 138 | H2: 615 | I2: 162 | J2: 53 | K2: 38 | L2: 284 | M2: 66 | N2: 418 | O2: 242 | P2: 309 | Q2: 17 | R2: 93 | S2: 492 | T2: 127 | U2: 291 | V2: 824 | W2: 1111 | X2: 39 | Y2: 189 | Z2: 217 | AA2: 85 | AB2: 19 | AC2: 266 | AD2: 74 | AE2: 9 | AF2: 14 | AG2: 94 | AH2: 38 | AI2: 63 | AJ2: 44 | AK2: 7 | AL2: 290 | AM2: 22 | AN2: 28 | AO2: 17 | AP2: 42 | AQ2: 72 | AR2: 473 | AS2: 52 | AT2: 849 | AU2: 18 | AV2: 55 | AW2: 276 | AX2: 41 | AY2: 32 | BA2: 16 | BB2: 67 | BC2: 66 | BD2: 180 | BE2: 255 | BF2: 145 | BG2: 16 | BH2: 83 | BI2: 209 | BJ2: 103 | BK2: 70 | BL2: 234 | BM2: 85 | BN2: 11 | BO2: 141 | BP2: 214 | BQ2: 485 | BR2: 469 | BS2: 100 | BT2: 56 | BU2: 226 | BV2: 57 | BW2: 219 | BX2: 119 | BY2: 2421 | BZ2: 103 | CA2: 111 | CB2: 447 | CC2: 294 | CD2: 9 | CE2: 64 | CF2: 34 | CG2: 103 | CH2: 51 | CI2: 101 | CJ2: 40 | CK2: 43 | CL2: 246 | CM2: 32 | CN2: 31 | CO2: 451 | CP2: 107 | CQ2: 29 | CR2: 52 | CS2: 21 | CT2: 19 | CU2: 181 | CV2: 78 | CW2: 17 | CX2: 77 | CY2: 123 | CZ2: 25 | DA2: 55 | DB2: 13 | DC2: 15 | DD2: 41 | DE2: 26 | DF2: 108 | DG2: 224 | DH2: 443 | DI2: 401 | DJ2: 207 | DK2: 156 | DL2: 90 | DM2: 55 | DN2: 91 | DO2: 174 | DP2: 71 | DQ2: 248 | DR2: 224 | DS2: 404 | DT2: 101 | DU2: 239 | DV2: 241 | DW2: 859 | DX2: 100 | DY2: 82 | DZ2: 96 | EA2: 160 | EB2: 101 | EC2: 41 | ED2: 362 | EE2: 470 | EF2: 277 | EG2: 144 | EH2: 18 | EI2: 345 | EJ2: 22 | EK2: 244 | EL2: 126 | EM2: 269 | EN2: 31 | EO2: 249 | EP2: 189 | EQ2: 937 | ER2: 71 | ES2: 103 | ET2: 83 | EU2: 170 | EV2: 193 | EW2: 206 | EX2: 718 | EY2: 886 | EZ2: 1757 | FA2: 924 | FB2: 983 | FC2: 259 | FD2: 136 | FE2: 566 | FF2: 707 | FG2: 189 | FH2: 35 | FI2: 135 | FJ2: 251 | FK2: 236 | FL2: 127 | FM2: 240 | FN2: 338 | FO2: 296 | FP2: 140 | FQ2: 282 | FR2: 131 | FS2: 113 | FT2: 126 | FU2: 179 | FV2: 187 | FW2: 123 | FX2: 207 | FY2: 211 | FZ2: 184 | GA2: 195 | GB2: 346 | GC2: 414 | GD2: 250 | GE2: 90 | GF2: 55 | GG2: 225 | GH2: 110 | GI2: 109 | GJ2: 851 | GK2: 171 | GL2: 162 | GM2: 375 | GN2: 253 | GO2: 248 | GP2: 550 | GQ2: 111 | GR2: 68 | GS2: 169 | GT2: 389 | GV2: =SUM(B2:GT2) -> 44521
A3: Shift | GD3: Southern Swing (8-hour) | GE3: Southern Swing | GF3: Southern Swing (8-hour) | GG3: 2-3-2 rotating 2 wk | GH3: Weekday 8,10-hour + 12-hour weekend fixed | GI3: Fixed M-F | GJ3: A/C=12-hr day, B/D = 12-hr night 2-3-2 plus some on 8-hour fixed M-F | GK3: 8-hr M-F, fixed | GL3: 2-3-2 rotating 2 wk | GM3: 12-hour | GN3: 12-hour | GO3: 12-hour | GP3: 2-3-2 rotating 2 wk | GQ3: 8-hr M-F, fixed | GR3: M-F, Fixed nights + Oscillating day/afternoon | GS3: 8-hr Southern Swing | GT3: 5 day, 8 hour
A4: Date | GD4: 44788 | GE4: 44880 | GF4: 44849 | GG4: 44669 | GH4: 44331 | GI4: 44150 | GJ4: 44798 | GK4: 44211 | GL4: 44896 | GM4: 44985 | GN4: 44985 | GO4: 44985 | GP4: 44896 | GQ4: 44501 | GR4: 44849 | GS4: 45304 | GT4: 45404
A5: Demographic Information
A6: What crew/shift are you assigned to?
A7: First (day) shift (8-hour or 10-hour) | P7: 50 | V7: 32 | AA7: 40 | AC7: 52 | AE7: 22 | AG7: 47 | AK7: 43 | AO7: 11 | AP7: 33 | AQ7: 34 | AS7: 60 | AT7: 37 | AZ7: 58 | BD7: 34 | BF7: 55 | BG7: 44 | BH7: 75 | BI7: 52 | BL7: 37 | BP7: 37 | BT7: 56 | BV7: 39 | CB7: 45 | CC7: 33 | CD7: 12 | CI7: 43 | CL7: 46 | CM7: 38 | CS7: 43 | CT7: 32 | CU7: 44 | CV7: 42 | CW7: 41 | CY7: 40 | CZ7: 72 | DC7: 27 | DH7: 38 | DI7: 76 | DJ7: 78 | DK7: 49 | DL7: 56 | DN7: 37 | DS7: 64 | DW7: 51 | DZ7: 49 | EA7: 38 | EB7: 36 | EC7: 61 | ED7: 37 | EE7: 50 | EF7: 37 | EI7: 35 | EJ7: 23 | EK7: 49 | EL7: 52 | EM7: 38 | EO7: 32 | EP7: 53 | ER7: 31 | ES7: 50 | ET7: 48 | EU7: 35 | EV7: 46 | EW7: 56 | EX7: 35 | EY7: 44 | EZ7: 37 | FB7: 44 | FC7: 39 | FE7: 40 | FF7: 51 | FG7: 46 | FH7: 49 | FI7: 45 | FJ7: 42 | FM7: 54 | FN7: 33 | FO7: 43 | FP7: 60 | FQ7: 38 | FR7: 66 | FS7: 31 | FT7: 52 | FU7: 43 | FV7: 34 | FW7: 44 | FX7: 32 | FZ7: 47 | GA7: 42 | GB7: 40 | GC7: 55 | GI7: 62.62 | GK7: 51 | GV7: =AVERAGE(B7:GU7) -> 44.200215
A8: Second (afternoon) shift (8-hour) | P8: 23 | V8: 28 | AA8: 28 | AC8: 23 | AE8: 22 | AG8: 30 | AK8: 43 | AO8: 44 | AP8: 36 | AQ8: 43 | AS8: 23 | AT8: 31 | AZ8: 23 | BD8: 34 | BF8: 33 | BG8: 31 | BH8: 14 | BI8: 21 | BL8: 25 | BP8: 32 | BT8: 22 | BV8: 29 | CB8: 31 | CC8: 34 | CD8: 88 | CI8: 17 | CL8: 27 | CM8: 34 | CS8: 29 | CT8: 32 | CU8: 28 | CV8: 28 | CW8: 41 | CY8: 34 | CZ8: 28 | DC8: 53 | DH8: 26 | DI8: 17 | DJ8: 13 | DK8: 26 | DL8: 25 | DN8: 31 | DS8: 36 | DW8: 32 | DZ8: 24 | EA8: 31 | EB8: 33 | EC8: 39 | ED8: 33 | EE8: 28 | EF8: 32 | EI8: 22 | EJ8: 14 | EK8: 27 | EL8: 25 | EM8: 29 | EO8: 23 | EP8: 32 | ER8: 27 | ES8: 21 | ET8: 25 | EU8: 30 | EV8: 35 | EW8: 19 | EX8: 26 | EY8: 28 | EZ8: 27 | FB8: 26 | FC8: 30 | FE8: 33 | FF8: 43 | FG8: 25 | FH8: 40 | FI8: 30 | FJ8: 32 | FM8: 24 | FN8: 33 | FO8: 32 | FP8: 28 | FQ8: 30 | FR8: 18 | FS8: 28 | FT8: 31 | FU8: 21 | FV8: 28 | FW8: 26 | FX8: 23 | FZ8: 28 | GA8: 33 | GB8: 31 | GC8: 35 | GI8: 22.43 | GK8: 21 | GV8: =AVERAGE(B8:GT8) -> 29.34871
A9: Third (night) shift (8 hour) | P9: 21 | V9: 25 | AA9: 32 | AC9: 24 | AE9: 56 | AG9: 23 | AK9: 14 | AO9: 11 | AP9: 31 | AQ9: 23 | AS9: 17 | AT9: 32 | AZ9: 17 | BD9: 32 | BF9: 12 | BG9: 25 | BH9: 11 | BI9: 28 | BL9: 22 | BP9: 30 | BT9: 22 | BV9: 21 | CB9: 23 | CC9: 34 | CI9: 39 | CL9: 27 | CM9: 28 | CS9: 29 | CT9: 37 | CU9: 28 | CV9: 30 | CW9: 18 | CY9: 26 | CZ9: 0 | DC9: 20 | DH9: 19 | DI9: 8 | DJ9: 8 | DK9: 24 | DL9: 19 | DN9: 32 | DW9: 17 | DZ9: 21 | EA9: 24 | EB9: 32 | ED9: 30 | EE9: 22 | EF9: 31 | EI9: 18 | EJ9: 14 | EK9: 24 | EL9: 23 | EM9: 33 | EO9: 20 | EP9: 14 | ER9: 26 | ES9: 18 | ET9: 26 | EU9: 35 | EV9: 19 | EW9: 19 | EX9: 15 | EY9: 28 | EZ9: 32 | FB9: 22 | FC9: 29 | FE9: 27 | FF9: 6 | FG9: 28 | FH9: 11 | FI9: 21 | FJ9: 24 | FM9: 22 | FN9: 31 | FO9: 26 | FP9: 13 | FQ9: 27 | FR9: 17 | FS9: 28 | FT9: 10 | FU9: 28 | FV9: 31 | FW9: 20 | FX9: 21 | FZ9: 25 | GA9: 25 | GB9: 29 | GI9: 14.95 | GK9: 27 | GV9: =AVERAGE(B9:GU9) -> 23.392697
A10: First (day) shift (12-hour) | P10: 3 | AH10: 66 | AZ10: 1 | BB10: 61 | BL10: 3 | BS10: 61 | BZ10: 51 | CB10: 0 | CJ10: 76 | CP10: 69 | EA10: 2 | EG10: 51 | EI10: 14 | EO10: 12 | EP10: 0 | ER10: 6 | ES10: 6 | EW10: 2 | FQ10: 2 | GV10: =AVERAGE(B10:GT10) -> 25.578947
A11: Second (night) shift (12-hour) | P11: 1 | AH11: 34 | AZ11: 1 | BB11: 39 | BL11: 1 | BS11: 39 | BZ11: 43 | CB11: 0 | CJ11: 24 | CP11: 26 | EA11: 4 | EG11: 49 | EI11: 11 | EO11: 13 | EP11: 0 | ER11: 10 | ES11: 4 | EW11: 2 | FQ11: 3 | GV11: =AVERAGE(B11:GU11) -> 16
A12: Weekend crew | P12: 1 | V12: 16 | BL12: 13 | CB12: 1 | DH12: 17 | EX12: 24 | EZ12: 4 | FX12: 4 | GC12: 10 | GV12: =AVERAGE(B12:GT12) -> 10
A13: How long have you worked for this company?
A14: Less than 6 months | W14: 0 | X14: 0 | Y14: 0 | Z14: 17 | AA14: 7 | AB14: 5 | AC14: 7 | AD14: 0 | AE14: 11.1 | AF14: 14 | AG14: 18 | AH14: 16 | AI14: 0 | AJ14: 0 | AK14: 0 | AL14: 1 | AM14: 0 | AN14: 0 | AO14: 17 | AP14: 12 | AQ14: 21 | AR14: 0 | AS14: 6 | AT14: 16 | AU14: 0 | AV14: 0 | AX14: 0 | AY14: 0 | AZ14: 3 | BA14: 0 | BC14: 8 | BD14: 8 | BE14: 34 | BF14: 42 | BG14: 62 | BH14: 5 | BI14: 26 | BJ14: 10 | BK14: 24 | BL14: 27 | BM14: 0 | BN14: 12 | CH14: 10 | CI14: 6 | CJ14: 0 | CL14: 4 | CM14: 0 | CN14: 22 | CO14: 8 | CP14: 28 | CQ14: 17 | CR14: 31 | CS14: 0 | CT14: 0 | CU14: 12 | CV14: 8 | CW14: 6 | CY14: 30 | CZ14: 16 | DA14: 13 | DB14: 0 | DC14: 0 | DD14: 12 | DE14: 0 | DF14: 37 | DG14: 4 | DH14: 0 | DI14: 3 | DJ14: 62 | DK14: 5 | DL14: 6 | DM14: 0 | DN14: 23 | DO14: 4 | DP14: 1 | DQ14: 0 | DR14: 0 | DS14: 23 | DT14: 0 | DU14: 1 | DV14: 12 | DW14: 5 | DX14: 6 | DY14: 18 | DZ14: 11 | EA14: 1 | EB14: 0 | EC14: 39 | ED14: 26 | EE14: 10 | EF14: 0 | EG14: 14 | EH14: 11 | EI14: 2 | EJ14: 4 | EK14: 14 | EL14: 10 | EM14: 10 | EN14: 3 | EO14: 0 | EP14: 6 | EQ14: 5 | ER14: 49 | ES14: 0 | ET14: 5 | EU14: 3 | EV14: 4 | EW14: 4 | EX14: 8 | EY14: 20 | EZ14: 10 | FA14: 14 | FC14: 10 | FE14: 0 | FF14: 9 | FG14: 2 | FH14: 0 | FI14: 15 | FJ14: 12 | FK14: 0 | FL14: 5 | FM14: 9 | FN14: 25 | FO14: 13 | FP14: 10 | FQ14: 5 | FR14: 16 | FS14: 10 | FT14: 19 | FV14: 25 | FW14: 5 | FX14: 5 | FY14: 0 | FZ14: 7 | GA14: 17 | GB14: 19 | GC14: 20 | GD14: 11 | GE14: 15 | GF14: 3 | GG14: 19 | GH14: 20 | GI14: 20 | GJ14: 13 | GK14: 15 | GL14: 4 | GM14: 10 | GN14: 9 | GO14: 5 | GP14: 25 | GQ14: 25 | GR14: 16 | GS14: 3 | GV14: =AVERAGE(B14:GS14) -> 10.562745
A15: 6 months to 1 year | B15: 9 | H15: 1 | I15: 26 | J15: 0 | K15: 11 | M15: 6 | N15: 46 | O15: 26 | P15: 18 | Q15: 12 | R15: 6 | S15: 13 | T15: 7 | U15: 26 | V15: 65 | W15: 8 | X15: 18 | Y15: 0 | Z15: 3 | AA15: 2 | AB15: 5 | AC15: 3 | AD15: 6 | AE15: 0 | AF15: 7 | AG15: 6 | AH15: 0 | AI15: 11 | AJ15: 0 | AK15: 0 | AL15: 1 | AM15: 0 | AN15: 0 | AO15: 6 | AP15: 15 | AQ15: 14 | AR15: 0 | AS15: 8 | AT15: 0 | AU15: 28 | AV15: 6 | AX15: 24 | AY15: 0 | AZ15: 4 | BA15: 0 | BB15: 10 | BC15: 14 | BD15: 10 | BE15: 8 | BF15: 39 | BG15: 0 | BH15: 10 | BI15: 8 | BJ15: 5 | BK15: 4 | BL15: 12 | BM15: 0 | BN15: 6 | CH15: 10 | CI15: 12 | CJ15: 17 | CL15: 5 | CM15: 0 | CN15: 11 | CO15: 6 | CP15: 8 | CQ15: 0 | CR15: 12 | CS15: 0 | CT15: 21 | CU15: 3 | CV15: 17 | CW15: 6 | CY15: 16 | CZ15: 16 | DA15: 13 | DB15: 0 | DC15: 27 | DD15: 12 | DE15: 11 | DF15: 18 | DG15: 8 | DH15: 0 | DI15: 14 | DJ15: 37 | DK15: 12 | DL15: 1 | DM15: 0 | DN15: 2 | DO15: 9 | DP15: 0 | DQ15: 1 | DR15: 0 | DS15: 19 | DT15: 3 | DU15: 2 | DV15: 17 | DW15: 5 | DX15: 8 | DY15: 1 | DZ15: 8 | EA15: 19 | EB15: 0 | EC15: 5 | ED15: 10 | EE15: 6 | EF15: 0 | EG15: 15 | EH15: 6 | EI15: 4 | EJ15: 0 | EK15: 12 | EL15: 16 | EM15: 0 | EN15: 3 | EO15: 6 | EP15: 16 | EQ15: 1 | ER15: 6 | ES15: 2 | ET15: 14 | EU15: 5 | EV15: 5 | EW15: 5 | EX15: 13 | EY15: 17 | EZ15: 8 | FA15: 7 | FC15: 18 | FE15: 1 | FF15: 10 | FG15: 7 | FH15: 14 | FI15: 6 | FJ15: 16 | FK15: 0 | FL15: 8 | FM15: 11 | FN15: 20 | FO15: 15 | FP15: 14 | FQ15: 7 | FR15: 17 | FS15: 16 | FT15: 10 | FV15: 11 | FW15: 7 | FX15: 16 | FY15: 6 | FZ15: 7 | GA15: 13 | GB15: 10 | GC15: 9 | GD15: 16 | GE15: 6 | GF15: 7 | GG15: 15 | GH15: 12 | GI15: 13 | GJ15: 12 | GK15: 14 | GL15: 18 | GM15: 17 | GN15: 12 | GO15: 11 | GP15: 20 | GQ15: 11 | GR15: 7 | GS15: 8 | GV15: =AVERAGE(B15:GS15) -> 9.6449704
A16: 1 to 5 years | B16: 22 | H16: 30 | I16: 38 | J16: 11 | K16: 16 | M16: 3 | N16: 36 | O16: 30 | P16: 20 | Q16: 18 | R16: 26 | S16: 37 | T16: 41 | U16: 32 | V16: 17 | W16: 10 | X16: 51 | Y16: 32 | Z16: 25 | AA16: 19 | AB16: 21 | AC16: 22 | AD16: 10 | AE16: 78 | AF16: 14 | AG16: 26 | AH16: 47 | AI16: 11 | AJ16: 2 | AK16: 0 | AL16: 7 | AM16: 0 | AN16: 39 | AO16: 50 | AP16: 38 | AQ16: 39 | AR16: 11 | AS16: 46 | AT16: 40 | AU16: 22 | AV16: 2 | AX16: 24 | AY16: 28 | AZ16: 8 | BA16: 75 | BB16: 36 | BC16: 38 | BD16: 58 | BE16: 50 | BF16: 19 | BG16: 19 | BH16: 70 | BI16: 9 | BJ16: 20 | BK16: 17 | BL16: 11 | BM16: 18 | BN16: 50 | CH16: 30 | CI16: 20 | CJ16: 36 | CK16: 9 | CL16: 27 | CM16: 22 | CN16: 26 | CO16: 37 | CP16: 45 | CQ16: 24 | CR16: 14 | CS16: 0 | CT16: 5 | CU16: 14 | CV16: 30 | CW16: 6 | CY16: 32 | CZ16: 52 | DA16: 33 | DB16: 0 | DC16: 60 | DD16: 44 | DE16: 44 | DF16: 8 | DG16: 28 | DH16: 38 | DI16: 15 | DJ16: 2 | DK16: 53 | DL16: 28 | DM16: 0 | DN16: 9 | DO16: 60 | DP16: 37 | DQ16: 23 | DR16: 29 | DS16: 25 | DT16: 36 | DU16: 47 | DV16: 34 | DW16: 32 | DX16: 24 | DY16: 63 | DZ16: 24 | EA16: 80 | EB16: 38 | EC16: 49 | ED16: 40 | EE16: 25 | EF16: 22 | EG16: 46 | EH16: 28 | EI16: 25 | EJ16: 50 | EK16: 31 | EL16: 29 | EM16: 41 | EN16: 52 | EO16: 25 | EP16: 62 | EQ16: 19 | ER16: 45 | ES16: 31 | ET16: 43 | EU16: 25 | EV16: 26 | EW16: 38 | EX16: 66 | EY16: 22 | EZ16: 13 | FA16: 34 | FC16: 49 | FE16: 2 | FF16: 16 | FG16: 30 | FH16: 29 | FI16: 34 | FJ16: 58 | FK16: 1 | FL16: 26 | FM16: 23 | FN16: 46 | FO16: 28 | FP16: 42 | FQ16: 37 | FR16: 40 | FS16: 30 | FT16: 46 | FV16: 45 | FW16: 29 | FX16: 30 | FY16: 25 | FZ16: 31 | GA16: 45 | GB16: 42 | GC16: 46 | GD16: 34 | GE16: 21 | GF16: 10 | GG16: 6 | GH16: 50 | GI16: 31 | GJ16: 35 | GK16: 46 | GL16: 16 | GM16: 29 | GN16: 38 | GO16: 30 | GP16: 22 | GQ16: 37 | GR16: 28 | GS16: 18 | GV16: =AVERAGE(B16:GS16) -> 30
A17: 6 to 10 years | B17: 12 | H17: 18 | I17: 31 | J17: 0 | K17: 0 | M17: 9 | N17: 11 | O17: 10 | P17: 13 | Q17: 41 | R17: 15 | S17: 24 | T17: 4 | U17: 24 | V17: 6 | W17: 12 | X17: 15 | Y17: 14 | Z17: 9 | AA17: 34 | AB17: 42 | AC17: 14 | AD17: 25 | AE17: 11 | AF17: 0 | AG17: 15 | AH17: 21 | AI17: 24 | AJ17: 2 | AK17: 0 | AL17: 3 | AM17: 0 | AN17: 7 | AO17: 0 | AP17: 18 | AQ17: 8 | AR17: 16 | AS17: 17 | AT17: 44 | AU17: 6 | AV17: 26 | AX17: 15 | AY17: 25 | AZ17: 25 | BA17: 19 | BB17: 16 | BC17: 17 | BD17: 20 | BE17: 8 | BF17: 1 | BG17: 6 | BH17: 6 | BI17: 20 | BJ17: 49 | BK17: 23 | BL17: 24 | BM17: 14 | BN17: 19 | CH17: 18 | CI17: 28 | CJ17: 19 | CK17: 14 | CL17: 13 | CM17: 31 | CN17: 11 | CO17: 18 | CP17: 12 | CQ17: 14 | CR17: 6 | CS17: 24 | CT17: 26 | CU17: 28 | CV17: 22 | CW17: 24 | CY17: 22 | CZ17: 12 | DA17: 20 | DB17: 15 | DC17: 13 | DD17: 12 | DE17: 7 | DF17: 8 | DG17: 15 | DH17: 36 | DI17: 12 | DJ17: 0 | DK17: 19 | DL17: 59 | DM17: 4 | DN17: 7 | DO17: 6 | DP17: 20 | DQ17: 24 | DR17: 18 | DS17: 12 | DT17: 11 | DU17: 6 | DV17: 8 | DW17: 14 | DX17: 14 | DY17: 12 | DZ17: 11 | EA17: 0 | EB17: 11 | EC17: 5 | ED17: 16 | EE17: 16 | EF17: 2 | EG17: 17 | EH17: 11 | EI17: 16 | EJ17: 14 | EK17: 28 | EL17: 23 | EM17: 4 | EN17: 29 | EO17: 50 | EP17: 6 | EQ17: 30 | ER17: 0 | ES17: 32 | ET17: 20 | EU17: 18 | EV17: 11 | EW17: 39 | EX17: 12 | EY17: 16 | EZ17: 10 | FA17: 14 | FC17: 16 | FE17: 0 | FF17: 20 | FG17: 13 | FH17: 17 | FI17: 18 | FJ17: 6 | FK17: 10 | FL17: 15 | FM17: 17 | FN17: 5 | FO17: 20 | FP17: 16 | FQ17: 5 | FR17: 26 | FS17: 8 | FT17: 17 | FV17: 19 | FW17: 18 | FX17: 17 | FY17: 16 | FZ17: 22 | GA17: 4 | GB17: 8 | GC17: 18 | GD17: 13 | GE17: 2 | GF17: 26 | GG17: 27 | GH17: 16 | GI17: 12 | GJ17: 14 | GK17: 9 | GL17: 17 | GM17: 8 | GN17: 17 | GO17: 14 | GP17: 11 | GQ17: 15 | GR17: 15 | GS17: 18 | GV17: =AVERAGE(B17:GS17) -> 15.694118
A18: 11 to 15 years | B18: 21 | H18: 21 | I18: 3 | J18: 15 | K18: 0 | M18: 21 | N18: 6 | O18: 4 | P18: 32 | Q18: 29 | R18: 13 | S18: 8 | T18: 44 | U18: 10 | V18: 2 | W18: 28 | X18: 5 | Y18: 15 | Z18: 18 | AA18: 15 | AB18: 5 | AC18: 3 | AD18: 59 | AE18: 0 | AF18: 50 | AG18: 15 | AH18: 13 | AI18: 24 | AJ18: 23 | AK18: 0 | AL18: 28 | AM18: 23 | AN18: 14 | AO18: 17 | AP18: 0 | AQ18: 11 | AR18: 11 | AS18: 15 | AT18: 0 | AU18: 44 | AV18: 40 | AX18: 29 | AY18: 38 | AZ18: 6 | BA18: 6 | BB18: 10 | BC18: 5 | BD18: 3 | BE18: 0 | BF18: 0 | BG18: 0 | BH18: 8 | BI18: 14 | BJ18: 9 | BK18: 11 | BL18: 12 | BM18: 38 | BN18: 12 | CH18: 6 | CI18: 14 | CJ18: 21 | CK18: 7 | CL18: 5 | CM18: 6 | CN18: 7 | CO18: 9 | CP18: 6 | CQ18: 7 | CR18: 10 | CS18: 19 | CT18: 5 | CU18: 15 | CV18: 10 | CW18: 6 | CY18: 1 | CZ18: 4 | DA18: 22 | DB18: 85 | DC18: 0 | DD18: 15 | DE18: 4 | DF18: 15 | DG18: 29 | DH18: 6 | DI18: 7 | DJ18: 0 | DK18: 11 | DL18: 6 | DM18: 4 | DN18: 0 | DO18: 4 | DP18: 1 | DQ18: 21 | DR18: 15 | DS18: 10 | DT18: 31 | DU18: 13 | DV18: 16 | DW18: 29 | DX18: 18 | DY18: 5 | DZ18: 1 | EA18: 1 | EB18: 20 | EC18: 2 | ED18: 6 | EE18: 14 | EF18: 22 | EG18: 8 | EH18: 22 | EI18: 21 | EJ18: 18 | EK18: 15 | EL18: 20 | EM18: 1 | EN18: 3 | EO18: 13 | EP18: 10 | EQ18: 19 | ER18: 0 | ES18: 16 | ET18: 10 | EU18: 12 | EV18: 24 | EW18: 10 | EX18: 1 | EY18: 11 | EZ18: 19 | FA18: 8 | FC18: 5 | FE18: 5 | FF18: 13 | FG18: 11 | FH18: 11 | FI18: 9 | FJ18: 2 | FK18: 9 | FL18: 10 | FM18: 11 | FN18: 3 | FO18: 13 | FP18: 14 | FQ18: 4 | FR18: 2 | FS18: 13 | FT18: 6 | FW18: 1 | FX18: 7 | FY18: 19 | FZ18: 8 | GA18: 7 | GB18: 17 | GC18: 5 | GD18: 0 | GE18: 4 | GF18: 17 | GG18: 8 | GH18: 2 | GI18: 2 | GJ18: 10 | GK18: 8 | GL18: 25 | GM18: 11 | GN18: 11 | GO18: 14 | GP18: 15 | GQ18: 12 | GR18: 3 | GS18: 15 | GV18: =AVERAGE(B18:GS18) -> 12.544379
A19: 16 to 20 years | B19: 14 | H19: 16 | I19: 1 | J19: 49 | K19: 3 | M19: 21 | N19: 1 | O19: 8 | P19: 1 | Q19: 0 | R19: 17 | S19: 12 | T19: 0 | U19: 2 | V19: 8 | W19: 21 | X19: 3 | Y19: 7 | Z19: 13 | AA19: 7 | AB19: 21 | AC19: 16 | AD19: 1 | AE19: 0 | AF19: 0 | AG19: 12 | AH19: 0 | AI19: 16 | AJ19: 16 | AK19: 14 | AL19: 17 | AM19: 18 | AN19: 32 | AO19: 0 | AP19: 8 | AQ19: 3 | AR19: 17 | AS19: 4 | AT19: 0 | AU19: 0 | AV19: 0 | AX19: 5 | AY19: 0 | AZ19: 24 | BA19: 0 | BB19: 2 | BC19: 8 | BD19: 0 | BE19: 0 | BF19: 0 | BG19: 6 | BH19: 1 | BI19: 6 | BJ19: 1 | BK19: 11 | BL19: 14 | BM19: 18 | BN19: 0 | CH19: 4 | CI19: 7 | CJ19: 2 | CK19: 19 | CL19: 20 | CM19: 3 | CN19: 15 | CO19: 5 | CP19: 1 | CQ19: 14 | CR19: 2 | CS19: 24 | CT19: 5 | CU19: 11 | CV19: 5 | CW19: 29 | CY19: 0 | CZ19: 0 | DC19: 0 | DD19: 5 | DE19: 11 | DF19: 12 | DG19: 16 | DH19: 7 | DI19: 8 | DJ19: 0 | DL19: 0 | DM19: 14 | DN19: 7 | DO19: 5 | DP19: 0 | DQ19: 2 | DR19: 8 | DS19: 7 | DT19: 14 | DU19: 7 | DV19: 11 | DW19: 10 | DX19: 7 | DY19: 0 | DZ19: 13 | EA19: 0 | EB19: 18 | EC19: 0 | ED19: 0 | EE19: 6 | EF19: 19 | EG19: 0 | EH19: 0 | EI19: 9 | EJ19: 4 | EK19: 0 | EL19: 1 | EM19: 2 | EN19: 3 | EO19: 4 | EP19: 0 | EQ19: 9 | ER19: 0 | ES19: 14 | ET19: 0 | EU19: 12 | EV19: 2 | EW19: 2 | EX19: 0 | EY19: 11 | EZ19: 9 | FA19: 6 | FC19: 1 | FE19: 11 | FF19: 11 | FG19: 8 | FH19: 3 | FI19: 6 | FJ19: 3 | FK19: 2 | FL19: 14 | FM19: 12 | FN19: 1 | FO19: 8 | FP19: 3 | FQ19: 8 | FR19: 0 | FS19: 2 | FT19: 2 | FW19: 11 | FX19: 6 | FY19: 8 | FZ19: 3 | GA19: 6 | GB19: 2 | GC19: 2 | GD19: 0 | GE19: 13 | GF19: 9 | GG19: 8 | GH19: 0 | GI19: 9 | GJ19: 8 | GK19: 5 | GL19: 13 | GM19: 6 | GN19: 6 | GO19: 7 | GP19: 4 | GQ19: 0 | GR19: 1 | GS19: 14 | GV19: =AVERAGE(B19:GS19) -> 7.1807229
A20: Over 20 years | B20: 22 | H20: 5 | I20: 1 | J20: 25 | K20: 71 | M20: 39 | N20: 0 | O20: 22 | P20: 17 | Q20: 0 | R20: 23 | S20: 6 | T20: 4 | U20: 5 | V20: 3 | W20: 18 | X20: 8 | Y20: 30 | Z20: 13 | AA20: 15 | AB20: 0 | AC20: 36 | AD20: 0 | AE20: 0 | AF20: 14 | AG20: 8 | AH20: 3 | AI20: 14 | AJ20: 58 | AK20: 86 | AL20: 44 | AM20: 59 | AN20: 7 | AO20: 11 | AP20: 10 | AQ20: 3 | AR20: 44 | AS20: 4 | AT20: 0 | AU20: 0 | AV20: 27 | AX20: 2 | AY20: 9 | AZ20: 29 | BA20: 0 | BB20: 25 | BC20: 11 | BD20: 0 | BE20: 0 | BF20: 0 | BG20: 6 | BH20: 0 | BI20: 17 | BJ20: 7 | BK20: 9 | BL20: 0 | BM20: 12 | BN20: 0 | CH20: 22 | CI20: 12 | CJ20: 5 | CK20: 51 | CL20: 26 | CM20: 38 | CN20: 7 | CO20: 18 | CP20: 0 | CQ20: 24 | CR20: 27 | CS20: 33 | CT20: 37 | CU20: 17 | CV20: 9 | CW20: 24 | CY20: 0 | CZ20: 0 | DC20: 0 | DD20: 0 | DE20: 22 | DF20: 1 | DG20: 0 | DH20: 12 | DI20: 41 | DJ20: 0 | DL20: 0 | DM20: 78 | DN20: 53 | DO20: 12 | DP20: 41 | DQ20: 29 | DR20: 29 | DS20: 3 | DT20: 6 | DU20: 24 | DV20: 1 | DW20: 4 | DX20: 22 | DY20: 0 | DZ20: 32 | EA20: 0 | EB20: 14 | EC20: 0 | ED20: 2 | EE20: 22 | EF20: 35 | EG20: 0 | EH20: 22 | EI20: 22 | EJ20: 9 | EK20: 0 | EL20: 2 | EM20: 42 | EN20: 6 | EO20: 2 | EP20: 0 | EQ20: 16 | ER20: 0 | ES20: 6 | ET20: 7 | EU20: 24 | EV20: 30 | EW20: 1 | EX20: 0 | EY20: 2 | EZ20: 31 | FA20: 16 | FC20: 0 | FE20: 81 | FF20: 21 | FG20: 30 | FH20: 26 | FI20: 11 | FJ20: 4 | FK20: 77 | FL20: 19 | FM20: 16 | FN20: 0 | FO20: 3 | FP20: 2 | FQ20: 36 | FR20: 0 | FS20: 21 | FT20: 1 | FW20: 29 | FX20: 20 | FY20: 25 | FZ20: 21 | GA20: 8 | GB20: 1 | GC20: 0 | GD20: 26 | GE20: 38 | GF20: 28 | GG20: 17 | GH20: 0 | GI20: 13 | GJ20: 9 | GK20: 2 | GL20: 7 | GM20: 18 | GN20: 8 | GO20: 20 | GP20: 2 | GQ20: 0 | GR20: 30 | GS20: 27 | GV20: =AVERAGE(B20:GS20) -> 15.963855
A21: AVERAGE | B21: =(B15*0.5+B16*3+B17*8+B18*13+B19*18+B20*22.5)/100 -> 11.865 | H21: =(H15*0.5+H16*3+H17*8+H18*13+H19*18+H20*22.5)/100 -> 9.08 | I21: =(I15*0.5+I16*3+I17*8+I18*13+I19*18+I20*22.5)/100 -> 4.545 | J21: =(J15*0.5+J16*3+J17*8+J18*13+J19*18+J20*22.5)/100 -> 16.725 | K21: =(K15*0.5+K16*3+K17*8+K18*13+K19*18+K20*22.5)/100 -> 17.05 | M21: =(M15*0.5+M16*3+M17*8+M18*13+M19*18+M20*22.5)/100 -> 16.125 | N21: =(N15*0.5+N16*3+N17*8+N18*13+N19*18+N20*22.5)/100 -> 3.15 | O21: =(O15*0.5+O16*3+O17*8+O18*13+O19*18+O20*22.5)/100 -> 8.74 | P21: =(P15*0.5+P16*3+P17*8+P18*13+P19*18+P20*22.5)/100 -> 9.895 | Q21: =(Q15*0.5+Q16*3+Q17*8+Q18*13+Q19*18+Q20*22.5)/100 -> 7.65 | R21: =(R15*0.5+R16*3+R17*8+R18*13+R19*18+R20*22.5)/100 -> 11.935 | S21: =(S15*0.5+S16*3+S17*8+S18*13+S19*18+S20*22.5)/100 -> 7.645 | T21: =(T15*0.5+T16*3+T17*8+T18*13+T19*18+T20*22.5)/100 -> 8.205 | ... AE21: =(AE15*0.5+AE16*3+AE17*8+AE18*13+AE19*18+AE20*22.5)/100 -> 3.22 | AF21: =(AF14*0.25+AF15*0.75+AF16*3+AF17*8+AF18*13+AF19*18+AF20*22.5)/100 -> 10.1575 | AG21: =(AG14*0.25+AG15*0.75+AG16*3+AG17*8+AG18*13+AG19*18+AG20*22.5)/100 -> 7.98 | AH21: =(AH14*0.25+AH15*0.75+AH16*3+AH17*8+AH18*13+AH19*18+AH20*22.5)/100 -> 5.495 | AI21: =(AI15*0.5+AI16*3+AI17*8+AI18*13+AI19*18+AI20*22.5)/100 -> 11.455 | AJ21: =(AJ14*0.25+AJ15*0.75+AJ16*3+AJ17*8+AJ18*13+AJ19*18+AJ20*22.5)/100 -> 19.14 | AK21: =(AK14*0.25+AK15*0.75+AK16*3+AK17*8+AK18*13+AK19*18+AK20*22.5)/100 -> 21.87 | AL21: =(AL14*0.25+AL15*0.75+AL16*3+AL17*8+AL18*13+AL19*18+AL20*22.5)/100 -> 17.06 | AM21: =(AM14*0.25+AM15*0.75+AM16*3+AM17*8+AM18*13+AM19*18+AM20*22.5)/100 -> 19.505 | AN21: =(AN14*0.25+AN15*0.75+AN16*3+AN17*8+AN18*13+AN19*18+AN20*22.5)/100 -> 10.885 | AO21: =(AO14*0.25+AO15*0.75+AO16*3+AO17*8+AO18*13+AO19*18+AO20*22.5)/100 -> 6.2725 | AP21: =(AP14*0.25+AP15*0.75+AP16*3+AP17*8+AP18*13+AP19*18+AP20*22.5)/100 -> 6.4125 | AQ21: =(AQ14*0.25+AQ15*0.75+AQ16*3+AQ17*8+AQ18*13+AQ19*18+AQ20*22.5)/100 -> 4.6125 | ... AT21: =(AT14*0.25+AT15*0.75+AT16*3+AT17*8+AT18*13+AT19*18+AT20*22.5)/100 -> 4.76 | AU21: =(AU15*0.5+AU16*3+AU17*8+AU18*13+AU19*18+AU20*22.5)/100 -> 7 | AV21: =(AV15*0.5+AV16*3+AV17*8+AV18*13+AV19*18+AV20*22.5)/100 -> 13.445 | AX21: =(AX14*0.25+AX15*0.75+AX16*3+AX17*8+AX18*13+AX19*18+AX20*22.5)/100 -> 7.22 | AY21: =(AY14*0.25+AY15*0.75+AY16*3+AY17*8+AY18*13+AY19*18+AY20*22.5)/100 -> 9.805 | AZ21: =(AZ14*0.25+AZ15*0.75+AZ16*3+AZ17*8+AZ18*13+AZ19*18+AZ20*22.5)/100 -> 13.9025 | BA21: =(BA14*0.25+BA15*0.75+BA16*3+BA17*8+BA18*13+BA19*18+BA20*22.5)/100 -> 4.55 | BB21: =(BB14*0.25+BB15*0.75+BB16*3+BB17*8+BB18*13+BB19*18+BB20*22.5)/100 -> 9.72 | BC21: =(BC14*0.25+BC15*0.75+BC16*3+BC17*8+BC18*13+BC19*18+BC20*22.5)/100 -> 7.19 | BD21: =(BD14*0.25+BD15*0.75+BD16*3+BD17*8+BD18*13+BD19*18+BD20*22.5)/100 -> 3.825 | BE21: =(BE14*0.25+BE15*0.75+BE16*3+BE17*8+BE18*13+BE19*18+BE20*22.5)/100 -> 2.285 | ... BN21: =(BN14*0.25+BN15*0.75+BN16*3+BN17*8+BN18*13+BN19*18+BN20*22.5)/100 -> 4.655 | CH21: =(CH14*0.25+CH15*0.75+CH16*3+CH17*8+CH18*13+CH19*18+CH20*22.5)/100 -> 8.89 | CI21: =(CI14*0.25+CI15*0.75+CI16*3+CI17*8+CI18*13+CI19*18+CI20*22.5)/100 -> 8.725 | CJ21: =(CJ14*0.25+CJ15*0.75+CJ16*3+CJ17*8+CJ18*13+CJ19*18+CJ20*22.5)/100 -> 6.9425 | CK21: =(CK14*0.25+CK15*0.75+CK16*3+CK17*8+CK18*13+CK19*18+CK20*22.5)/100 -> 17.195 | CL21: =(CL14*0.25+CL15*0.75+CL16*3+CL17*8+CL18*13+CL19*18+CL20*22.5)/100 -> 11.9975 | CM21: =(CM14*0.25+CM15*0.75+CM16*3+CM17*8+CM18*13+CM19*18+CM20*22.5)/100 -> 13.01 | CN21: =(CN14*0.25+CN15*0.75+CN16*3+CN17*8+CN18*13+CN19*18+CN20*22.5)/100 -> 6.9825 | CO21: =(CO14*0.25+CO15*0.75+CO16*3+CO17*8+CO18*13+CO19*18+CO20*22.5)/100 -> 8.735 | ... CW21: =(CW14*0.25+CW15*0.75+CW16*3+CW17*8+CW18*13+CW19*18+CW20*22.5)/100 -> 13.56 | CY21: =(CY14*0.25+CY15*0.75+CY16*3+CY17*8+CY18*13+CY19*18+CY20*22.5)/100 -> 3.045 | CZ21: =(CZ14*0.25+CZ15*0.75+CZ16*3+CZ17*8+CZ18*13+CZ19*18+CZ20*22.5)/100 -> 3.2 | DA21: =(DA14*0.25+DA15*0.75+DA16*3+DA17*8+DA18*11+DA19*18+DA20*22.5)/100 -> 5.14 | DB21: =(DB14*0.25+DB15*0.75+DB16*3+DB17*8+DB18*11+DB19*18+DB20*22.5)/100 -> 10.55 | DC21: =(DC14*0.25+DC15*0.75+DC16*3+DC17*8+DC18*13+DC19*18+DC20*22.5)/100 -> 3.0425 | DD21: =(DD14*0.25+DD15*0.75+DD16*3+DD17*8+DD18*13+DD19*18+DD20*22.5)/100 -> 5.25 | DE21: =(DE14*0.25+DE15*0.75+DE16*3+DE17*8+DE18*13+DE19*18+DE20*22.5)/100 -> 9.4125 | DF21: =(DF14*0.25+DF15*0.75+DF16*3+DF17*8+DF18*13+DF19*18+DF20*22.5)/100 -> 5.4425 | DG21: =(DG14*0.25+DG15*0.75+DG16*3+DG17*8+DG18*13+DG19*18+DG20*22.5)/100 -> 8.76 | DH21: =(DH14*0.25+DH15*0.75+DH16*3+DH17*8+DH18*13+DH19*18+DH20*22.5)/100 -> 8.76 | DI21: =(DI14*0.25+DI15*0.75+DI16*3+DI17*8+DI18*13+DI19*18+DI20*22.5)/100 -> 13.0975 | DJ21: =(DJ14*0.25+DJ15*0.75+DJ16*3+DJ17*8+DJ18*13+DJ19*18+DJ20*22.5)/100 -> 0.4925 | ... FA21: =(FA14*0.25+FA15*0.75+FA16*3+FA17*8+FA18*13+FA19*18+FA20*22.5)/100 -> 7.9475 | FC21: =(FC14*0.25+FC15*0.75+FC16*3+FC17*8+FC18*13+FC19*18+FC20*22.5)/100 -> 3.74 | FE21: =(FE14*0.25+FE15*0.75+FE16*3+FE17*8+FE18*13+FE19*18+FE20*22.5)/100 -> 20.9225 | FF21: =(FF14*0.25+FF15*0.75+FF16*3+FF17*8+FF18*13+FF19*18+FF20*22.5)/100 -> 10.5725 | FG21: =(FG14*0.25+FG15*0.75+FG16*3+FG17*8+FG18*13+FG19*18+FG20*22.5)/100 -> 11.6175 | FH21: =(FH14*0.25+FH15*0.75+FH16*3+FH17*8+FH18*13+FH19*18+FH20*22.5)/100 -> 10.155 | FI21: =(FI14*0.25+FI15*0.75+FI16*3+FI17*8+FI18*13+FI19*18+FI20*22.5)/100 -> 7.2675 | FJ21: =(FJ14*0.25+FJ15*0.75+FJ16*3+FJ17*8+FJ18*13+FJ19*18+FJ20*22.5)/100 -> 4.07 | FK21: =(FK14*0.25+FK15*0.75+FK16*3+FK17*8+FK18*13+FK19*18+FK20*22.5)/100 -> 19.685 | FL21: =(FL14*0.25+FL15*0.75+FL16*3+FL17*8+FL18*13+FL19*18+FL20*22.5)/100 -> 10.1475 | ... FT21: =(FT14*0.25+FT15*0.75+FT16*3+FT17*8+FT18*13+FT19*18+FT20*22.5)/100 -> 4.2275 | FV21: =(FV14*0.25+FV15*0.75+FV16*3+FV17*8+FV18*13+FV19*18+FV20*22.5)/100 -> 3.015 | FW21: =(FW14*0.25+FW15*0.75+FW16*3+FW17*8+FW18*13+FW19*18+FW20*22.5)/100 -> 11.01 | FX21: =(FX14*0.25+FX15*0.75+FX16*3+FX17*8+FX18*13+FX19*18+FX20*22.5)/100 -> 8.8825 | FY21: =(FY14*0.25+FY15*0.75+FY16*3+FY17*8+FY18*13+FY19*18+FY20*22.5)/100 -> 11.61 | FZ21: =(FZ14*0.25+FZ15*0.75+FZ16*3+FZ17*8+FZ18*13+FZ19*18+FZ20*22.5)/100 -> 9.065 | GA21: =(GA14*0.25+GA15*0.75+GA16*3+GA17*8+GA18*13+GA19*18+GA20*22.5)/100 -> 5.6 | GB21: =(GB14*0.25+GB15*0.75+GB16*3+GB17*8+GB18*13+GB19*18+GB20*22.5)/100 -> 4.8175 | GC21: =(GC14*0.25+GC15*0.75+GC16*3+GC17*8+GC18*13+GC19*18+GC20*22.5)/100 -> 3.9475 | ... GS21: =(GS14*0.25+GS15*0.75+GS16*3+GS17*8+GS18*13+GS19*18+GS20*22.5)/100 -> 12.5925 | GV21: =(GV14*0.25+GV15*0.75+GV16*3+GV17*8+GV18*13+GV19*18+GV20*22.5)/100 -> 8.7694404
A22: How long have you worked in your current department?
A23: Less than 6 months | AN23: 7 | AO23: 28 | AQ23: 24 | AR23: 6 | AS23: 8 | AT23: 28 | BG23: 62 | BI23: 38 | BL23: 34 | BM23: 1 | CH23: 12 | CI23: 12 | CJ23: 0 | CK23: 0 | CL23: 4 | CM23: 6 | CN23: 26 | CO23: 10 | CP23: 35 | CQ23: 21 | CS23: 0 | CT23: 0 | CU23: 14 | CV23: 10 | CY23: 36 | CZ23: 28 | DA23: 14 | DC23: 13 | DF23: 41 | DG23: 4 | DH23: 3 | DI23: 5 | DJ23: 65 | DK23: 9 | DL23: 8 | DM23: 0 | DN23: 28 | DP23: 1 | DQ23: 4 | DR23: 1 | DS23: 34 | DT23: 5 | DU23: 2 | DV23: 14 | DW23: 6 | DY23: 28 | EC23: 37 | EE23: 12 | EF23: 0 | EJ23: 4 | EK23: 13 | EL23: 14 | EN23: 3 | EQ23: 8 | EU23: 8 | EX23: 11 | FA23: 16 | FF23: 13 | FG23: 6 | FJ23: 15 | FK23: 12 | FL23: 6 | FM23: 9 | FO23: 20 | FP23: 12 | FQ23: 6 | FT23: 23 | GL23: 9 | GM23: 16 | GN23: 15 | GO23: 7 | GP23: 30 | GV23: =AVERAGE(B23:GS23) -> 14.722222
A24: 6 months to 1 year | B24: 0 | AD24: 12 | AN24: 7 | AO24: 17 | AQ24: 18 | AR24: 5 | AS24: 6 | AT24: 10 | AU24: 39 | AV24: 15 | AX24: 39 | BG24: 0 | BI24: 8 | BL24: 18 | BM24: 1 | CH24: 16 | CI24: 16 | CJ24: 40 | CK24: 5 | CL24: 5 | CM24: 6 | CN24: 18 | CO24: 6 | CP24: 10 | CQ24: 0 | CS24: 5 | CT24: 21 | CU24: 4 | CV24: 20 | CY24: 18 | CZ24: 28 | DA24: 13 | DC24: 27 | DF24: 20 | DG24: 10 | DH24: 4 | DI24: 18 | DJ24: 32 | DK24: 19 | DL24: 2 | DM24: 4 | DN24: 6 | DP24: 3 | DQ24: 6 | DR24: 5 | DS24: 47 | DT24: 10 | DU24: 11 | DV24: 22 | DW24: 8 | DY24: 2 | EC24: 10 | EE24: 9 | EF24: 1 | EJ24: 0 | EK24: 15 | EL24: 15 | EN24: 10 | EQ24: 5 | EU24: 9 | EX24: 19 | FA24: 12 | FF24: 14 | FG24: 8 | FJ24: 18 | FK24: 3 | FL24: 11 | FM24: 11 | FO24: 16 | FP24: 16 | FQ24: 9 | FT24: 11 | GL24: 19 | GM24: 20 | GN24: 15 | GO24: 14 | GP24: 24 | GV24: =AVERAGE(B24:GS24) -> 12.935065
A25: 1 to 5 years | B25: 35 | AD25: 48 | AN25: 46 | AO25: 39 | AQ25: 36 | AR25: 27 | AS25: 52 | AT25: 36 | AU25: 56 | AV25: 39 | AX25: 39 | BG25: 31 | BI25: 16 | BL25: 24 | BM25: 42 | CH25: 28 | CI25: 24 | CJ25: 55 | CK25: 35 | CL25: 33 | CM25: 38 | CN25: 18 | CO25: 42 | CP25: 48 | CQ25: 24 | CS25: 19 | CT25: 16 | CU25: 22 | CV25: 33 | CY25: 36 | CZ25: 44 | DA25: 42 | DC25: 60 | DF25: 9 | DG25: 38 | DH25: 56 | DI25: 28 | DJ25: 2 | DK25: 59 | DL25: 47 | DM25: 18 | DN25: 12 | DP25: 45 | DQ25: 25 | DR25: 33 | DS25: 11 | DT25: 45 | DU25: 53 | DV25: 35 | DW25: 45 | DY25: 62 | EC25: 46 | EE25: 35 | EF25: 34 | EJ25: 54 | EK25: 36 | EL25: 47 | EN25: 68 | EQ25: 43 | EU25: 34 | EX25: 63 | FA25: 43 | FF25: 21 | FG25: 32 | FJ25: 56 | FK25: 11 | FL25: 30 | FM25: 27 | FO25: 29 | FP25: 46 | FQ25: 40 | FT25: 44 | GL25: 31 | GM25: 34 | GN25: 38 | GO25: 36 | GP25: 24 | GV25: =AVERAGE(B25:GS25) -> 36.467532
A26: 6 to 10 years | B26: 16 | AD26: 36 | AN26: 39 | AO26: 6 | AQ26: 10 | AR26: 23 | AS26: 21 | AT26: 26 | AU26: 6 | AV26: 18 | AX26: 7 | BG26: 0 | BI26: 19 | BL26: 16 | BM26: 16 | CH26: 20 | CI26: 22 | CJ26: 5 | CK26: 16 | CL26: 18 | CM26: 25 | CN26: 11 | CO26: 17 | CP26: 8 | CQ26: 10 | CS26: 43 | CT26: 26 | CU26: 25 | CV26: 20 | CY26: 10 | CZ26: 0 | DA26: 24 | DC26: 0 | DF26: 10 | DG26: 21 | DH26: 25 | DI26: 11 | DJ26: 0 | DK26: 10 | DL26: 42 | DM26: 20 | DN26: 9 | DP26: 21 | DQ26: 29 | DR26: 22 | DS26: 4 | DT26: 18 | DU26: 9 | DV26: 8 | DW26: 20 | DY26: 7 | EC26: 5 | EE26: 17 | EF26: 13 | EJ26: 9 | EK26: 28 | EL26: 14 | EN26: 13 | EQ26: 23 | EU26: 17 | EX26: 7 | FA26: 16 | FF26: 18 | FG26: 16 | FJ26: 4 | FK26: 12 | FL26: 17 | FM26: 20 | FO26: 18 | FP26: 16 | FQ26: 16 | FT26: 16 | GL26: 19 | GM26: 8 | GN26: 15 | GO26: 13 | GP26: 11 | GV26: =AVERAGE(B26:GS26) -> 15.922078
A27: 11 to 15 years | B27: 12 | AD27: 4 | AN27: 0 | AO27: 6 | AQ27: 6 | AR27: 12 | AS27: 10 | AT27: 0 | AU27: 0 | AV27: 17 | AX27: 15 | BG27: 0 | BI27: 9 | BL27: 4 | BM27: 27 | CH27: 4 | CI27: 8 | CJ27: 0 | CK27: 9 | CL27: 8 | CM27: 16 | CN27: 7 | CO27: 8 | CP27: 0 | CQ27: 21 | CS27: 10 | CT27: 5 | CU27: 18 | CV27: 9 | CY27: 0 | CZ27: 0 | DA27: 7 | DC27: 0 | DF27: 12 | DG27: 18 | DH27: 5 | DI27: 8 | DJ27: 0 | DK27: 3 | DL27: 1 | DM27: 17 | DN27: 10 | DP27: 4 | DQ27: 13 | DR27: 18 | DS27: 3 | DT27: 17 | DU27: 11 | DV27: 12 | DW27: 17 | DY27: 0 | EC27: 0 | EE27: 14 | EF27: 24 | EJ27: 18 | EK27: 8 | EL27: 10 | EN27: 0 | EQ27: 11 | EU27: 12 | EX27: 0 | FA27: 5 | FF27: 10 | FG27: 12 | FJ27: 2 | FK27: 7 | FL27: 7 | FM27: 10 | FO27: 10 | FP27: 8 | FQ27: 7 | FT27: 4 | GL27: 16 | GM27: 8 | GN27: 10 | GO27: 12 | GP27: 7 | GV27: =AVERAGE(B27:GS27) -> 8.4805195
A28: 16 to 20 years | B28: 7 | AD28: 0 | AN28: 0 | AO28: 0 | AQ28: 4 | AR28: 15 | AS28: 4 | AT28: 0 | AU28: 0 | AV28: 7 | AX28: 0 | BG28: 6 | BI28: 3 | BL28: 3 | BM28: 12 | CH28: 8 | CI28: 7 | CJ28: 0 | CK28: 16 | CL28: 15 | CM28: 6 | CN28: 11 | CO28: 6 | CP28: 0 | CQ28: 17 | CS28: 5 | CT28: 10 | CU28: 8 | CV28: 4 | CY28: 0 | CZ28: 0 | DC28: 0 | DF28: 6 | DG28: 9 | DH28: 2 | DI28: 9 | DJ28: 0 | DL28: 0 | DM28: 22 | DN28: 16 | DP28: 6 | DQ28: 4 | DR28: 7 | DS28: 1 | DT28: 5 | DU28: 4 | DV28: 8 | DW28: 3 | DY28: 0 | EC28: 0 | EE28: 6 | EF28: 13 | EJ28: 4 | EK28: 0 | EL28: 0 | EN28: 3 | EQ28: 5 | EU28: 5 | EX28: 0 | FA28: 3 | FF28: 10 | FG28: 5 | FJ28: 2 | FK28: 6 | FL28: 9 | FM28: 8 | FO28: 5 | FP28: 3 | FQ28: 11 | FT28: 2 | GL28: 4 | GM28: 5 | GN28: 4 | GO28: 6 | GP28: 1 | GV28: =AVERAGE(B28:GS28) -> 5.28
A29: Over 20 years | B29: 10 | AD29: 0 | AN29: 0 | AO29: 6 | AQ29: 3 | AR29: 13 | AS29: 0 | AT29: 0 | AU29: 0 | AV29: 4 | AX29: 0 | BG29: 0 | BI29: 7 | BL29: 0 | BM29: 1 | CH29: 12 | CI29: 9 | CJ29: 0 | CK29: 19 | CL29: 17 | CM29: 3 | CN29: 7 | CO29: 10 | CP29: 0 | CQ29: 7 | CS29: 19 | CT29: 21 | CU29: 8 | CV29: 3 | CY29: 0 | CZ29: 0 | DC29: 0 | DF29: 2 | DG29: 0 | DH29: 4 | DI29: 20 | DJ29: 0 | DL29: 0 | DM29: 18 | DN29: 19 | DP29: 20 | DQ29: 19 | DR29: 14 | DS29: 0 | DT29: 1 | DU29: 10 | DV29: 0 | DW29: 1 | DY29: 0 | EC29: 2 | EE29: 8 | EF29: 16 | EJ29: 9 | EK29: 0 | EL29: 1 | EN29: 3 | EQ29: 6 | EU29: 14 | EX29: 0 | FA29: 5 | FF29: 15 | FG29: 20 | FJ29: 3 | FK29: 50 | FL29: 11 | FM29: 14 | FO29: 2 | FP29: 0 | FQ29: 11 | FT29: 0 | GL29: 2 | GM29: 10 | GN29: 2 | GO29: 12 | GP29: 1 | GV29: =AVERAGE(B29:GS29) -> 6.9866667
A30: AVERAGE | B30: =(B24*0.5+B25*3+B26*8+B27*13+B28*18+B29*25)/100 -> 7.65 | AD30: =(AD24*0.5+AD25*3+AD26*8+AD27*13+AD28*18+AD29*25)/100 -> 4.9 | AN30: =(AN24*0.5+AN25*3+AN26*8+AN27*13+AN28*18+AN29*25)/100 -> 4.535 | AO30: =(AO24*0.5+AO25*3+AO26*8+AO27*13+AO28*18+AO29*25)/100 -> 4.015 | AQ30: =(AQ24*0.5+AQ25*3+AQ26*8+AQ27*13+AQ28*18+AQ29*25)/100 -> 4.22 | AR30: =(AR23*0.25+AR24*0.75+AR25*3+AR26*8+AR27*13+AR28*18+AR29*22.5)/100 -> 9.8875 | AS30: =(AS23*0.25+AS24*0.75+AS25*3+AS26*8+AS27*13+AS28*18+AS29*22.5)/100 -> 5.325 | AT30: =(AT23*0.25+AT24*0.75+AT25*3+AT26*8+AT27*13+AT28*18+AT29*22.5)/100 -> 3.305 | AU30: =(AU24*0.5+AU25*3+AU26*8+AU27*13+AU28*18+AU29*25)/100 -> 2.355 | AV30: =(AV24*0.5+AV25*3+AV26*8+AV27*13+AV28*18+AV29*25)/100 -> 7.155 | AX30: =(AX24*0.5+AX25*3+AX26*8+AX27*13+AX28*18+AX29*25)/100 -> 3.875 | BG30: =AVERAGE(AW30:AZ30) -> 3.875 | BI30: =AVERAGE(AW30:AZ30) -> 3.875 | BL30: =AVERAGE(AW30:AZ30) -> 3.875 | BM30: =(BM23*0.25+BM24*0.75+BM25*3+BM26*8+BM27*13+BM28*18+BM29*22.5)/100 -> 8.445 | CH30: =(CH23*0.25+CH24*0.75+CH25*3+CH26*8+CH27*13+CH28*18+CH29*22.5)/100 -> 7.25 | CI30: =(CI23*0.25+CI24*0.75+CI25*3+CI26*8+CI27*13+CI28*18+CI29*22.5)/100 -> 6.955 | CJ30: =(CJ23*0.25+CJ24*0.75+CJ25*3+CJ26*8+CJ27*13+CJ28*18+CJ29*22.5)/100 -> 2.35 | CK30: =(CK23*0.25+CK24*0.75+CK25*3+CK26*8+CK27*13+CK28*18+CK29*22.5)/100 -> 10.6925 | CL30: =(CL23*0.25+CL24*0.75+CL25*3+CL26*8+CL27*13+CL28*18+CL29*22.5)/100 -> 10.0425 | CM30: =(CM23*0.25+CM24*0.75+CM25*3+CM26*8+CM27*13+CM28*18+CM29*22.5)/100 -> 7.035 | CN30: =(CN23*0.25+CN24*0.75+CN25*3+CN26*8+CN27*13+CN28*18+CN29*22.5)/100 -> 6.085 | CO30: =(CO23*0.25+CO24*0.75+CO25*3+CO26*8+CO27*13+CO28*18+CO29*22.5)/100 -> 7.06 | ... CQ30: =(CQ23*0.25+CQ24*0.75+CQ25*3+CQ26*8+CQ27*13+CQ28*18+CQ29*22.5)/100 -> 8.9375 | CS30: =(CS24*0.5+CS25*3+CS26*8+CS27*13+CS28*18+CS29*25)/100 -> 10.985 | CT30: =(CT24*0.5+CT25*3+CT26*8+CT27*13+CT28*18+CT29*25)/100 -> 10.365 | CU30: =(CU23*0.25+CU24*0.75+CU25*3+CU26*8+CU27*13+CU28*18+CU29*22.5)/100 -> 8.305 | CV30: =(CV23*0.25+CV24*0.75+CV25*3+CV26*8+CV27*13+CV28*18+CV29*22.5)/100 -> 5.33 | CY30: =(CY23*0.25+CY24*0.75+CY25*3+CY26*8+CY27*13+CY28*18+CY29*22.5)/100 -> 2.105 | CZ30: =(CZ23*0.25+CZ24*0.75+CZ25*3+CZ26*8+CZ27*13+CZ28*18+CZ29*22.5)/100 -> 1.6 | DA30: =(DA23*0.25+DA24*0.75+DA25*3+DA26*8+DA27*11+DA28*18+DA29*22.5)/100 -> 4.0825 | DC30: =(DC24*0.5+DC25*3+DC26*8+DC27*13+DC28*18+DC29*25)/100 -> 1.935 | DF30: =(DF24*0.5+DF25*3+DF26*8+DF27*13+DF28*18+DF29*25)/100 -> 4.31 | DG30: =(DG24*0.5+DG25*3+DG26*8+DG27*13+DG28*18+DG29*25)/100 -> 6.83 | DH30: =(DH24*0.5+DH25*3+DH26*8+DH27*13+DH28*18+DH29*25)/100 -> 5.71 | DI30: =(DI24*0.5+DI25*3+DI26*8+DI27*13+DI28*18+DI29*25)/100 -> 9.47 | DJ30: =(DJ24*0.5+DJ25*3+DJ26*8+DJ27*13+DJ28*18+DJ29*25)/100 -> 0.22 | DK30: =(DK24*0.5+DK25*3+DK26*8+DK27*13+DK28*18+DK29*25)/100 -> 3.055 | DL30: =(DL24*0.5+DL25*3+DL26*8+DL27*13+DL28*18+DL29*25)/100 -> 4.91 | DM30: =(DM24*0.5+DM25*3+DM26*8+DM27*13+DM28*18+DM29*25)/100 -> 12.83 | DN30: =(DN24*0.5+DN25*3+DN26*8+DN27*13+DN28*18+DN29*25)/100 -> 10.04 | DP30: =(DP24*0.5+DP25*3+DP26*8+DP27*13+DP28*18+DP29*25)/100 -> 9.645 | DQ30: =(DQ24*0.5+DQ25*3+DQ26*8+DQ27*13+DQ28*18+DQ29*25)/100 -> 10.26 | DR30: =(DR24*0.5+DR25*3+DR26*8+DR27*13+DR28*18+DR29*25)/100 -> 9.875 | DS30: =(DS24*0.5+DS25*3+DS26*8+DS27*13+DS28*18+DS29*25)/100 -> 1.455 | DT30: =(DT24*0.5+DT25*3+DT26*8+DT27*13+DT28*18+DT29*25)/100 -> 6.2 | DU30: =(DU23*0.25+DU24*0.75+DU25*3+DU26*8+DU27*13+DU28*18+DU29*22.5)/100 -> 6.7975 | DV30: =(DV23*0.25+DV24*0.75+DV25*3+DV26*8+DV27*13+DV28*18+DV29*22.5)/100 -> 4.89 | DW30: =(DW23*0.25+DW24*0.75+DW25*3+DW26*8+DW27*13+DW28*18+DW29*22.5)/100 -> 6 | DY30: =(DY23*0.25+DY24*0.75+DY25*3+DY26*8+DY27*13+DY28*18+DY29*22.5)/100 -> 2.505 | EC30: =(EC24*0.5+EC25*3+EC26*8+EC27*13+EC28*18+EC29*25)/100 -> 2.33 | EE30: =(EE23*0.25+EE24*0.75+EE25*3+EE26*8+EE27*13+EE28*18+EE29*22.5)/100 -> 7.2075 | EF30: =(EF23*0.25+EF24*0.75+EF25*3+EF26*8+EF27*13+EF28*18+EF29*22.5)/100 -> 11.1275 | EJ30: =(EJ24*0.5+EJ25*3+EJ26*8+EJ27*13+EJ28*18+EJ29*25)/100 -> 7.65 | EK30: =(EK24*0.5+EK25*3+EK26*8+EK27*13+EK28*18+EK29*25)/100 -> 4.435 | EL30: =(EL24*0.5+EL25*3+EL26*8+EL27*13+EL28*18+EL29*25)/100 -> 4.155 | EN30: =(EN23*0.25+EN24*0.75+EN25*3+EN26*8+EN27*13+EN28*18+EN29*22.5)/100 -> 4.3775 | EQ30: =(EQ24*0.5+EQ25*3+EQ26*8+EQ27*13+EQ28*18+EQ29*25)/100 -> 6.985 | EU30: =(EU24*0.5+EU25*3+EU26*8+EU27*13+EU28*18+EU29*25)/100 -> 8.385 | EX30: =(EX24*0.5+EX25*3+EX26*8+EX27*13+EX28*18+EX29*25)/100 -> 2.545 | FA30: =(FA24*0.5+FA25*3+FA26*8+FA27*13+FA28*18+FA29*25)/100 -> 5.07 | FF30: =(FF23*0.25+FF24*0.75+FF25*3+FF26*8+FF27*13+FF28*18+FF29*22.5)/100 -> 8.6825 | FG30: =(FG23*0.25+FG24*0.75+FG25*3+FG26*8+FG27*13+FG28*18+FG29*22.5)/100 -> 9.275 | FJ30: =(FJ24*0.5+FJ25*3+FJ26*8+FJ27*13+FJ28*18+FJ29*25)/100 -> 3.46 | FK30: =(FK24*0.5+FK25*3+FK26*8+FK27*13+FK28*18+FK29*25)/100 -> 15.795 | FL30: =(FL24*0.5+FL25*3+FL26*8+FL27*13+FL28*18+FL29*25)/100 -> 7.595 | FM30: =(FM24*0.5+FM25*3+FM26*8+FM27*13+FM28*18+FM29*25)/100 -> 8.705 | FO30: =(FO24*0.5+FO25*3+FO26*8+FO27*13+FO28*18+FO29*25)/100 -> 5.09 | FP30: =(FP24*0.5+FP25*3+FP26*8+FP27*13+FP28*18+FP29*25)/100 -> 4.32 | FQ30: =(FQ23*0.25+FQ24*0.75+FQ25*3+FQ26*8+FQ27*13+FQ28*18+FQ29*22.5)/100 -> 7.9275 | FT30: =(FT23*0.25+FT24*0.75+FT25*3+FT26*8+FT27*13+FT28*18+FT29*22.5)/100 -> 3.62 | GL30: =(GL24*0.5+GL25*3+GL26*8+GL27*13+GL28*18+GL29*25)/100 -> 5.845 | GM30: =(GM24*0.5+GM25*3+GM26*8+GM27*13+GM28*18+GM29*25)/100 -> 6.2 | GN30: =(GN24*0.5+GN25*3+GN26*8+GN27*13+GN28*18+GN29*25)/100 -> 4.935 | GO30: =(GO24*0.5+GO25*3+GO26*8+GO27*13+GO28*18+GO29*25)/100 -> 7.83 | GP30: =(GP24*0.5+GP25*3+GP26*8+GP27*13+GP28*18+GP29*25)/100 -> 3.06 | GV30: =(GV24*0.5+GV25*3+GV26*8+GV27*13+GV28*18+GV29*25)/100 -> 6.2320017
A31: Do you have a second job?
A32: Yes | B32: 9 | C32: 10 | D32: 1 | E32: 13 | G32: 12 | H32: 13 | J32: 4 | K32: 5 | M32: 15 | N32: 10 | O32: 16 | P32: 15 | Q32: 6 | R32: 11 | S32: 5 | T32: 7 | U32: 9 | V32: 16 | W32: 11 | X32: 0 | Y32: 12 | Z32: 5 | AA32: 19 | AB32: 10 | AC32: 18 | AE32: 0 | AF32: 7 | AG32: 7 | AH32: 8 | AI32: 8 | AJ32: 11 | AK32: 14 | AL32: 17 | AM32: 4 | AN32: 18 | AO32: 33 | AP32: 5 | AQ32: 39 | AR32: 17 | AS32: 6 | AT32: 7 | AZ32: 10 | BB32: 18 | BC32: 3 | BD32: 23 | BF32: 12 | BG32: 19 | BH32: 7 | BJ32: 12 | BK32: 14 | BL32: 14 | BM32: 18 | BN32: 19 | BO32: 8 | BP32: 13 | BQ32: 9 | BR32: 9 | BS32: 13 | BT32: 5 | BU32: 13 | BV32: 4 | BW32: 15 | BX32: 4 | BY32: 16 | BZ32: 16 | CA32: 9 | CB32: 12 | CC32: 14 | CD32: 22 | CE32: 10 | CF32: 12 | CG32: 8 | CH32: 12 | CI32: 13 | CJ32: 7 | CK32: 9 | CM32: 6 | CN32: 7 | CO32: 4 | CQ32: 3 | CR32: 8 | CS32: 0 | CT32: 11 | CV32: 9 | CW32: 12 | CX32: 4 | DA32: 9 | DD32: 22 | DE32: 0 | DH32: 12 | DI32: 11 | DJ32: 11 | DK32: 8 | DL32: 17 | DM32: 2 | DN32: 15 | DO32: 8 | DP32: 16 | DQ32: 8 | DR32: 11 | DS32: 9 | DT32: 9 | DU32: 9 | DV32: 19 | DW32: 21 | DX32: 7 | DY32: 2 | DZ32: 1 | EA32: 4 | EB32: 3 | EC32: 7 | ED32: 8 | EE32: 23 | EG32: 6 | EH32: 0 | EI32: 6 | EJ32: 4 | EK32: 8 | EL32: 16 | EM32: 10 | EN32: 3 | EO32: 4 | EP32: 6 | EQ32: 8 | ER32: 18 | ES32: 4 | ET32: 10 | EU32: 4 | EV32: 12 | EW32: 12 | EX32: 17 | EY32: 7 | EZ32: 9 | FA32: 9 | FB32: 11 | FC32: 13 | FE32: 8 | FN32: 9 | FO32: 7 | FP32: 9 | FQ32: 5 | FR32: 5 | FS32: 6 | FU32: 10 | FV32: 8 | FW32: 3 | FX32: 4 | FY32: 18 | FZ32: 7 | GA32: 18 | GB32: 11 | GC32: 7 | GD32: 6 | GE32: 14 | GF32: 7 | GG32: 9 | GJ32: 8 | GL32: 7 | GM32: 13 | GN32: 10 | GO32: 11 | GP32: 9 | GQ32: 7 | GR32: 3 | GS32: 12 | GV32: =AVERAGE(B32:GS32) -> 10.054545
A33: No | B33: 91 | C33: 90 | D33: 99 | E33: 87 | G33: 88 | H33: 87 | J33: 96 | K33: 95 | M33: 85 | N33: 90 | O33: 84 | P33: 85 | Q33: 94 | R33: 89 | S33: 95 | T33: 93 | U33: 91 | V33: 84 | W33: 89 | X33: 100 | Y33: 88 | Z33: 95 | AA33: 81 | AB33: 84 | AC33: 82 | AE33: 100 | AF33: 93 | AG33: 93 | AH33: 92 | AI33: 92 | AJ33: 89 | AK33: 86 | AL33: 83 | AM33: 96 | AN33: 82 | AO33: 67 | AP33: 95 | AQ33: 61 | AR33: 83 | AS33: 94 | AT33: 93 | AZ33: 90 | BB33: 82 | BC33: 97 | BD33: 77 | BF33: 88 | BG33: 81 | BH33: 93 | BJ33: 88 | BK33: 86 | BL33: 86 | BM33: 82 | BN33: 81 | BO33: 92 | BP33: 87 | BQ33: 91 | BR33: 91 | BS33: 87 | BT33: 95 | BU33: 87 | BV33: 96 | BW33: 85 | BX33: 96 | BY33: 84 | BZ33: 84 | CA33: 91 | CB33: 88 | CC33: 86 | CD33: 78 | CE33: 90 | CF33: 88 | CG33: 92 | CH33: 88 | CI33: 87 | CJ33: 93 | CK33: 91 | CM33: 94 | CN33: 93 | CO33: 96 | CQ33: 97 | CR33: 92 | CS33: 100 | CT33: 89 | CV33: 91 | CW33: 88 | CX33: 96 | DA33: 91 | DD33: 78 | DE33: 100 | DH33: 88 | DI33: 89 | DJ33: 89 | DK33: 92 | DL33: 83 | DM33: 98 | DN33: 85 | DO33: 92 | DP33: 84 | DQ33: 92 | DR33: 89 | DS33: 91 | DT33: 91 | DU33: 91 | DV33: 81 | DW33: 79 | DX33: 93 | DY33: 98 | DZ33: 99 | EA33: 96 | EB33: 97 | EC33: 93 | ED33: 92 | EE33: 77 | EG33: 94 | EH33: 100 | EI33: 94 | EJ33: 96 | EK33: 92 | EL33: 84 | EM33: 90 | EN33: 97 | EO33: 96 | EP33: 94 | EQ33: 92 | ER33: 82 | ES33: 96 | ET33: 90 | EU33: 96 | EV33: 88 | EW33: 88 | EX33: 83 | EY33: 93 | EZ33: 91 | FA33: 91 | FB33: 89 | FC33: 86 | FE33: 92 | FN33: 91 | FO33: 93 | FP33: 91 | FQ33: 95 | FR33: 95 | FS33: 94 | FU33: 90 | FV33: 92 | FW33: 97 | FX33: 96 | FY33: 82 | FZ33: 93 | GA33: 82 | GB33: 89 | GC33: 93 | GD33: 94 | GE33: 86 | GF33: 93 | GG33: 91 | GJ33: 92 | GL33: 93 | GM33: 87 | GN33: 90 | GO33: 89 | GP33: 91 | GQ33: 93 | GR33: 97 | GS33: 88 | GV33: =AVERAGE(B33:GS33) -> 89.90303
A34: If you have a second job, do you typically work at that job:
A35: Before your shift at XXX starts | AQ35: 11 | BD35: 5 | BH35: 1 | BJ35: 0 | BK35: 3 | BL35: 3 | BM35: 0 | BN35: 0 | BP35: 4 | BS35: 3 | BW35: 4 | BZ35: 4 | CA35: 0 | CC35: 1 | CL35: 3 | CO35: 0 | CQ35: 4 | CV35: 6 | CW35: 0 | DA35: 0 | DD35: 8 | DE35: 0 | DH35: 1 | DL35: 6 | DO35: 2 | DR35: 0 | DS35: 5 | DT35: 1 | DV35: 5 | DW35: 10 | DX35: 2 | DY35: 0 | DZ35: 0 | EC35: 0 | EE35: 12 | EJ35: 0 | EK35: 4 | EL35: 5 | EU35: 2 | EX35: 7 | FA35: 0 | FC35: 4 | FE35: 3 | FO35: 1 | FP35: 2 | FQ35: 1 | GQ35: 4 | GV35: =AVERAGE(B35:GS35) -> 2.9148936
A36: After you have worked your shift at XXX | AQ36: 11 | BD36: 16 | BH36: 1 | BJ36: 0 | BK36: 3 | BL36: 10 | BM36: 0 | BN36: 0 | BP36: 8 | BS36: 6 | BW36: 3 | BZ36: 12 | CA36: 0 | CC36: 6 | CL36: 6 | CO36: 2 | CQ36: 0 | CV36: 3 | CW36: 7 | DA36: 2 | DD36: 10 | DE36: 0 | DH36: 6 | DL36: 12 | DO36: 2 | DR36: 8 | DS36: 5 | DT36: 6 | DV36: 12 | DW36: 12 | DX36: 0 | DY36: 2 | DZ36: 1 | EC36: 3 | EE36: 13 | EJ36: 0 | EK36: 5 | EL36: 9 | EU36: 1 | EX36: 11 | FA36: 5 | FC36: 7 | FE36: 3 | FO36: 5 | FP36: 9 | FQ36: 2 | GQ36: 5 | GV36: =AVERAGE(B36:GS36) -> 5.3191489
A37: Only on days that you don't work at XXX | AQ37: 20 | BD37: 13 | BH37: 6 | BJ37: 15 | BK37: 11 | BL37: 5 | BM37: 19 | BN37: 23 | BP37: 4 | BS37: 11 | BW37: 7 | BZ37: 4 | CA37: 10 | CC37: 10 | CL37: 4 | CO37: 2 | CQ37: 0 | CV37: 0 | CW37: 7 | DA37: 10 | DD37: 8 | DE37: 0 | DH37: 6 | DL37: 4 | DO37: 4 | DR37: 3 | DS37: 1 | DT37: 1 | DV37: 8 | DW37: 3 | DX37: 2 | DY37: 1 | DZ37: 0 | EC37: 6 | EE37: 6 | EJ37: 5 | EK37: 1 | EL37: 6 | EU37: 1 | EX37: 6 | FA37: 6 | FC37: 2 | FE37: 3 | FO37: 1 | FP37: 2 | FQ37: 3 | GQ37: 0 | GV37: =AVERAGE(B37:GS37) -> 5.7446809
A38: I don't work at a second job | AQ38: 57 | BD38: 65 | BH38: 91 | BJ38: 85 | BK38: 82 | BL38: 82 | BM38: 81 | BN38: 77 | BP38: 84 | BS38: 80 | BW38: 86 | BZ38: 79 | CA38: 90 | CC38: 83 | CL38: 87 | CO38: 96 | CQ38: 96 | CV38: 92 | CW38: 86 | DA38: 88 | DD38: 74 | DE38: 100 | DH38: 87 | DL38: 78 | DO38: 92 | DR38: 88 | DS38: 89 | DT38: 91 | DV38: 74 | DW38: 75 | DX38: 96 | DY38: 96 | DZ38: 99 | EC38: 91 | EE38: 68 | EJ38: 95 | EK38: 90 | EL38: 81 | EU38: 96 | EX38: 76 | FA38: 89 | FC38: 76 | FE38: 91 | FO38: 93 | FP38: 88 | FQ38: 94 | GQ38: 91
A39: Are you a student?
A40: Yes | H40: 10 | J40: 6 | K40: 5 | M40: 8 | N40: 16 | O40: 7 | P40: 4 | Q40: 18 | S40: 3 | T40: 12 | U40: 5 | V40: 26 | W40: 30 | X40: 0 | Y40: 3 | Z40: 7 | AA40: 6 | AB40: 5 | AC40: 15 | AE40: 11 | AF40: 0 | AG40: 8 | AH40: 3 | AI40: 14 | AJ40: 9 | AK40: 17 | AL40: 10 | AM40: 0 | AN40: 7 | AO40: 6 | AP40: 15 | AQ40: 4 | AR40: 4 | AS40: 17 | AT40: 7 | AU40: 17 | AV40: 20 | AX40: 10 | AY40: 32 | AZ40: 2 | BA40: 13 | BB40: 3 | BC40: 14 | BD40: 13 | BF40: 22 | BG40: 29 | BH40: 11 | BI40: 9 | BJ40: 4 | BK40: 1 | BL40: 8 | BM40: 7 | BN40: 12 | BO40: 31 | BP40: 11 | BQ40: 5 | BR40: 4 | BS40: 5 | BT40: 14 | BU40: 5 | BV40: 4 | BW40: 0 | BX40: 8 | BY40: 4 | BZ40: 3 | CB40: 10 | CC40: 22 | CD40: 0 | CE40: 13 | CF40: 12 | CG40: 6 | CH40: 4 | CI40: 11 | CJ40: 12 | CK40: 5 | CL40: 5 | CM40: 3 | CN40: 11 | CO40: 3 | CP40: 9 | CQ40: 17 | CR40: 4 | CS40: 10 | CT40: 16 | CU40: 3 | CV40: 6 | CW40: 0 | CX40: 1 | CY40: 14 | CZ40: 8 | DA40: 6 | DC40: 7 | DD40: 5 | DE40: 4 | DH40: 21 | DI40: 4 | DJ40: 10 | DK40: 8 | DL40: 3 | DM40: 0 | DN40: 2 | DO40: 2 | DP40: 1 | DQ40: 1 | DR40: 8 | DS40: 14 | DT40: 14 | DU40: 2 | DV40: 8 | DW40: 15 | DX40: 4 | DY40: 37 | DZ40: 3 | EA40: 7 | EB40: 2 | EC40: 10 | ED40: 14 | EE40: 11 | EF40: 10 | EG40: 13 | EH40: 6 | EI40: 6 | EJ40: 0 | EK40: 7 | EL40: 10 | EM40: 7 | EN40: 3 | EO40: 2 | EP40: 6 | EQ40: 0 | ER40: 18 | ES40: 10 | ET40: 12 | EU40: 8 | EV40: 4 | EW40: 14 | EX40: 21 | EY40: 8 | EZ40: 5 | FA40: 6 | FB40: 14 | FC40: 2 | FD40: 6 | FE40: 3 | FF40: 9 | FG40: 5 | FJ40: 8 | FK40: 1 | FL40: 1 | FM40: 3 | FN40: 8 | FO40: 8 | FP40: 6 | FQ40: 16 | FR40: 2 | FS40: 4 | FT40: 22 | FU40: 2 | FV40: 7 | FW40: 1 | FX40: 3 | FY40: 1 | FZ40: 2 | GA40: 6 | GB40: 6 | GC40: 14 | GD40: 2 | GE40: 2 | GF40: 2 | GG40: 3 | GJ40: 7 | GL40: 5 | GM40: 2 | GN40: 4 | GO40: 4 | GP40: 7 | GQ40: 4 | GR40: 9 | GS40: 1 | GV40: =AVERAGE(B40:GS40) -> 8.1284916
A41: No | H41: 90 | J41: 94 | K41: 95 | M41: 92 | N41: 84 | O41: 93 | P41: 96 | Q41: 82 | S41: 97 | T41: 88 | U41: 95 | V41: 74 | W41: 70 | X41: 100 | Y41: 97 | Z41: 91 | AA41: 94 | AB41: 95 | AC41: 85 | AE41: 88 | AF41: 100 | AG41: 92 | AH41: 97 | AI41: 86 | AJ41: 91 | AK41: 83 | AL41: 90 | AM41: 100 | AN41: 93 | AO41: 94 | AP41: 85 | AQ41: 96 | AR41: 96 | AS41: 83 | AT41: 93 | AU41: 83 | AV41: 80 | AX41: 90 | AY41: 68 | AZ41: 98 | BA41: 87 | BB41: 97 | BC41: 86 | BD41: 87 | BF41: 78 | BG41: 71 | BH41: 89 | BI41: 91 | BJ41: 96 | BK41: 99 | BL41: 92 | BM41: 93 | BN41: 88 | BO41: 69 | BP41: 89 | BQ41: 95 | BR41: 96 | BS41: 95 | BT41: 86 | BU41: 95 | BV41: 96 | BW41: 100 | BX41: 92 | BY41: 96 | BZ41: 97 | CB41: 90 | CC41: 78 | CD41: 100 | CE41: 87 | CF41: 88 | CG41: 94 | CH41: 96 | CI41: 89 | CJ41: 88 | CK41: 95 | CL41: 95 | CM41: 97 | CN41: 89 | CO41: 97 | CP41: 91 | CQ41: 83 | CR41: 96 | CS41: 90 | CT41: 84 | CU41: 97 | CV41: 94 | CW41: 100 | CX41: 99 | CY41: 86 | CZ41: 92 | DA41: 94 | DC41: 93 | DD41: 95 | DE41: 96 | DH41: 79 | DI41: 96 | DJ41: 90 | DK41: 92 | DL41: 97 | DM41: 100 | DN41: 98 | DO41: 98 | DP41: 99 | DQ41: 99 | DR41: 92 | DS41: 86 | DT41: 86 | DU41: 98 | DV41: 92 | DW41: 85 | DX41: 96 | DY41: 63 | DZ41: 97 | EA41: 93 | EB41: 98 | EC41: 90 | ED41: 86 | EE41: 89 | EF41: 90 | EG41: 87 | EH41: 94 | EI41: 94 | EJ41: 100 | EK41: 93 | EL41: 90 | EM41: 93 | EN41: 97 | EO41: 98 | EP41: 94 | EQ41: 100 | ER41: 82 | ES41: 90 | ET41: 88 | EU41: 92 | EV41: 96 | EW41: 86 | EX41: 79 | EY41: 92 | EZ41: 95 | FA41: 94 | FB41: 86 | FC41: 97 | FD41: 94 | FE41: 97 | FF41: 91 | FG41: 95 | FJ41: 92 | FK41: 99 | FL41: 99 | FM41: 97 | FN41: 92 | FO41: 92 | FP41: 94 | FQ41: 84 | FR41: 98 | FS41: 96 | FT41: 78 | FU41: 98 | FV41: 93 | FW41: 99 | FX41: 97 | FY41: 99 | FZ41: 98 | GA41: 94 | GB41: 94 | GC41: 86 | GD41: 98 | GE41: 98 | GF41: 98 | GG41: 97 | GJ41: 93 | GL41: 95 | GM41: 98 | GN41: 96 | GO41: 96 | GP41: 93 | GQ41: 96 | GR41: 91 | GS41: 99 | GV41: =AVERAGE(B41:GS41) -> 91.849162
A42: Do you have children or elder family members at home that require childcare or eldercare when you are at work?
A43: Yes | B43: 29 | C43: 17 | F43: 34 | G43: 33 | H43: 35 | J43: 30 | K43: 16 | M43: 33 | N43: 17 | O43: 39 | P43: 38 | Q43: 24 | R43: 20 | S43: 32 | T43: 30 | U43: 32 | V43: 21 | W43: 40 | X43: 15 | Y43: 39 | Z43: 35 | AA43: 34 | AB43: 47 | AC43: 35 | AD43: 49 | AE43: 55.6 | AF43: 43 | AG43: 54 | AH43: 37 | AI43: 45 | AJ43: 43 | AK43: 14 | AL43: 50 | AM43: 36 | AN43: 37 | AO43: 17 | AP43: 58 | AQ43: 56 | AR43: 30 | AS43: 36 | AT43: 42 | AU43: 44 | AV43: 49 | AX43: 54 | AY43: 59 | AZ43: 31 | BA43: 33 | BB43: 49 | BC43: 32 | BD43: 25 | BE43: 41 | BF43: 46 | BG43: 44 | BH43: 52 | BI43: 57 | BJ43: 45 | BK43: 41 | BL43: 38 | BM43: 41 | BN43: 31 | BO43: 55 | BP43: 41 | BQ43: 44 | BR43: 38 | BS43: 33 | BT43: 38 | BU43: 39 | BV43: 40 | BW43: 26 | BX43: 28 | BY43: 38 | BZ43: 39 | CA43: 33 | CB43: 33 | CC43: 32 | CD43: 44 | CE43: 23 | CF43: 29 | CG43: 37 | CH43: 45 | CI43: 48 | CJ43: 43 | CK43: 42 | CL43: 51 | CM43: 38 | CN43: 59 | CP43: 50 | CQ43: 41 | CR43: 33 | CS43: 43 | CT43: 32 | CU43: 38 | CV43: 41 | CW43: 38 | CX43: 46 | CY43: 55 | CZ43: 48 | DA43: 51 | DC43: 79 | DD43: 42 | DE43: 31 | DF43: 46 | DG43: 64 | DH43: 42 | DI43: 33 | DJ43: 39 | DK43: 35 | DL43: 42 | DM43: 38 | DN43: 23 | DO43: 42 | DP43: 30 | DQ43: 28 | DR43: 27 | DS43: 46 | DT43: 38 | DU43: 40 | DV43: 32 | DW43: 42 | DX43: 39 | DY43: 46 | DZ43: 29 | EA43: 37 | EB43: 36 | EC43: 37 | ED43: 36 | EE43: 38 | EF43: 55 | EG43: 37 | EH43: 22 | EI43: 35 | EJ43: 41 | EK43: 36 | EL43: 26 | EM43: 30 | EN43: 42 | EO43: 36 | EP43: 38 | EQ43: 46 | ER43: 17 | ES43: 30 | ET43: 28 | EU43: 42 | EV43: 33 | EW43: 41 | EX43: 47 | EY43: 40 | EZ43: 39 | FA43: 40 | FB43: 34 | FC43: 34 | FD43: 47 | FE43: 34 | FF43: 55 | FG43: 32 | FJ43: 39 | FK43: 20 | FL43: 30 | FM43: 34 | FN43: 43 | FO43: 38 | FP43: 29 | FQ43: 26 | FR43: 37 | FS43: 30 | FT43: 52 | FU43: 36 | FV43: 40 | FW43: 27 | FX43: 31 | FY43: 41 | FZ43: 26 | GA43: 25 | GB43: 27 | GD43: 29 | GE43: 30 | GF43: 25 | GG43: 32 | GJ43: 41 | GL43: 54 | GM43: 37 | GN43: 37 | GO43: 43 | GP43: 47 | GQ43: 44 | GR43: 40 | GS43: 40 | GV43: =AVERAGE(B43:GS43) -> 37.837433
A44: No | B44: 71 | C44: 83 | F44: 66 | G44: 67 | H44: 65 | J44: 70 | K44: 84 | M44: 67 | N44: 83 | O44: 61 | P44: 62 | Q44: 76 | R44: 80 | S44: 68 | T44: 70 | U44: 68 | V44: 79 | W44: 60 | X44: 85 | Y44: 61 | Z44: 64 | AA44: 66 | AB44: 53 | AC44: 65 | AD44: 51 | AE44: 44.4 | AF44: 57 | AG44: 46 | AH44: 63 | AI44: 55 | AJ44: 57 | AK44: 86 | AL44: 50 | AM44: 64 | AN44: 63 | AO44: 83 | AP44: 42 | AQ44: 44 | AR44: 70 | AS44: 64 | AT44: 58 | AU44: 56 | AV44: 51 | AX44: 46 | AY44: 41 | AZ44: 69 | BA44: 67 | BB44: 51 | BC44: 68 | BD44: 75 | BE44: 59 | BF44: 54 | BG44: 56 | BH44: 48 | BI44: 43 | BJ44: 55 | BK44: 59 | BL44: 62 | BM44: 59 | BN44: 69 | BO44: 45 | BP44: 59 | BQ44: 56 | BR44: 62 | BS44: 67 | BT44: 62 | BU44: 61 | BV44: 60 | BW44: 74 | BX44: 72 | BY44: 62 | BZ44: 61 | CA44: 67 | CB44: 67 | CC44: 68 | CD44: 56 | CE44: 77 | CF44: 71 | CG44: 63 | CH44: 55 | CI44: 52 | CJ44: 57 | CK44: 58 | CL44: 49 | CM44: 62 | CN44: 41 | CP44: 50 | CQ44: 59 | CR44: 67 | CS44: 57 | CT44: 68 | CU44: 62 | CV44: 59 | CW44: 62 | CX44: 54 | CY44: 45 | CZ44: 52 | DA44: 49 | DC44: 21 | DD44: 58 | DE44: 69 | DF44: 54 | DG44: 36 | DH44: 58 | DI44: 67 | DJ44: 61 | DK44: 65 | DL44: 58 | DM44: 62 | DN44: 77 | DO44: 58 | DP44: 70 | DQ44: 72 | DR44: 73 | DS44: 54 | DT44: 62 | DU44: 60 | DV44: 68 | DW44: 58 | DX44: 61 | DY44: 54 | DZ44: 71 | EA44: 63 | EB44: 64 | EC44: 63 | ED44: 64 | EE44: 62 | EF44: 45 | EG44: 63 | EH44: 78 | EI44: 65 | EJ44: 59 | EK44: 64 | EL44: 74 | EM44: 70 | EN44: 58 | EO44: 64 | EP44: 62 | EQ44: 54 | ER44: 83 | ES44: 70 | ET44: 72 | EU44: 58 | EV44: 67 | EW44: 59 | EX44: 53 | EY44: 60 | EZ44: 61 | FA44: 60 | FB44: 66 | FC44: 66 | FD44: 53 | FE44: 66 | FF44: 45 | FG44: 68 | FJ44: 61 | FK44: 80 | FL44: 70 | FM44: 66 | FN44: 57 | FO44: 62 | FP44: 71 | FQ44: 74 | FR44: 63 | FS44: 70 | FT44: 48 | FU44: 64 | FV44: 60 | FW44: 73 | FX44: 69 | FY44: 59 | FZ44: 74 | GA44: 75 | GB44: 73 | GD44: 71 | GE44: 70 | GF44: 75 | GG44: 68 | GJ44: 59 | GL44: 16 | GM44: 63 | GN44: 63 | GO44: 57 | GP44: 53 | GQ44: 56 | GR44: 60 | GS44: 60 | GV44: =AVERAGE(B44:GS44) -> 61.996791
A45: What is your gender?
A46: Female | B46: 52 | H46: 42 | I46: 53 | K46: 0 | M46: 18 | N46: 38 | O46: 59 | P46: 6 | Q46: 0 | R46: 7 | S46: 28 | T46: 33 | U46: 48 | V46: 39 | W46: 38 | X46: 10 | Y46: 22 | Z46: 52 | AA46: 22 | AB46: 0 | AC46: 16 | AD46: 7 | AE46: 44 | AF46: 43 | AG46: 1 | AH46: 32 | AN46: 0 | AO46: 50 | AP46: 49 | AQ46: 88 | AR46: 39 | AS46: 15 | AT46: 20 | AU46: 33 | AV46: 20 | AX46: 27 | AY46: 6 | AZ46: 41 | BA46: 7 | BC46: 56 | BD46: 1 | BF46: 35 | BH46: 53 | BI46: 57 | BJ46: 21 | BL46: 17 | BN46: 75 | BO46: 2 | BP46: 41 | BQ46: 30 | BR46: 33 | BS46: 9 | BT46: 31 | BU46: 20 | BV46: 2 | BW46: 8 | BX46: 26 | BY46: 20 | BZ46: 6 | CA46: 6 | CC46: 24 | CD46: 0 | CE46: 24 | CF46: 41 | CG46: 10 | CH46: 4 | CI46: 5 | CJ46: 10 | CK46: 35 | CL46: 32 | CM46: 3 | CN46: 14 | CP46: 0 | CQ46: 11 | CR46: 10 | CS46: 0 | CT46: 5 | CU46: 53 | CX46: 16 | CY46: 0 | CZ46: 4 | DA46: 22 | DB46: 38 | DC46: 0 | DD46: 7 | DH46: 53 | DI46: 17 | DJ46: 40 | DK46: 40 | DM46: 2 | DN46: 25 | DO46: 21 | DQ46: 10 | DR46: 7 | DU46: 7 | DV46: 38 | DY46: 17 | DZ46: 26 | EA46: 47 | EB46: 48 | EC46: 39 | ED46: 37 | EE46: 9 | EF46: 41 | EG46: 37 | EI46: 45 | EK46: 42 | EL46: 78 | EM46: 32 | EO46: 41 | EP46: 35 | ER46: 46 | ES46: 58 | ET46: 19 | EU46: 31 | EV46: 5 | EW46: 22 | EX46: 40 | EY46: 40 | EZ46: 52 | FA46: 10 | FB46: 46 | FC46: 36 | FD46: 13 | FG46: 18 | FJ46: 3 | FK46: 4 | FL46: 49 | FM46: 19 | FN46: 33 | FO46: 43 | FP46: 35 | FQ46: 37 | FR46: 40 | FS46: 6 | FT46: 49 | FU46: 6 | FV46: 37 | FW46: 14 | FX46: 18 | FY46: 0 | FZ46: 37 | GA46: 34 | GB46: 16 | GD46: 16 | GE46: 11 | GF46: 2 | GG46: 21 | GS46: 7 | GV46: =AVERAGE(B46:GS46) -> 25.697987
A47: Male | B47: 48 | H47: 58 | I47: 47 | K47: 100 | M47: 82 | N47: 62 | O47: 41 | P47: 94 | Q47: 100 | R47: 93 | S47: 72 | T47: 67 | U47: 52 | V47: 61 | W47: 62 | X47: 90 | Y47: 78 | Z47: 48 | AA47: 76 | AB47: 100 | AC47: 84 | AD47: 93 | AE47: 55 | AF47: 57 | AG47: 99 | AH47: 68 | AN47: 100 | AO47: 50 | AP47: 51 | AQ47: 12 | AR47: 61 | AS47: 85 | AT47: 80 | AU47: 67 | AV47: 80 | AX47: 73 | AY47: 94 | AZ47: 59 | BA47: 93 | BC47: 44 | BD47: 99 | BF47: 65 | BH47: 47 | BI47: 43 | BJ47: 79 | BL47: 83 | BN47: 25 | BO47: 98 | BP47: 59 | BQ47: 70 | BR47: 67 | BS47: 91 | BT47: 69 | BU47: 80 | BV47: 98 | BW47: 92 | BX47: 74 | BY47: 80 | BZ47: 94 | CA47: 94 | CC47: 76 | CD47: 100 | CE47: 76 | CF47: 59 | CG47: 90 | CH47: 96 | CI47: 95 | CJ47: 90 | CK47: 65 | CL47: 68 | CM47: 97 | CN47: 86 | CP47: 100 | CQ47: 89 | CR47: 90 | CS47: 100 | CT47: 95 | CU47: 47 | CX47: 84 | CY47: 100 | CZ47: 96 | DA47: 78 | DB47: 62 | DC47: 100 | DD47: 93 | DH47: 47 | DI47: 83 | DJ47: 60 | DK47: 60 | DM47: 98 | DN47: 75 | DO47: 79 | DQ47: 90 | DR47: 93 | DU47: 93 | DV47: 62 | DY47: 83 | DZ47: 74 | EA47: 53 | EB47: 52 | EC47: 61 | ED47: 63 | EE47: 91 | EF47: 59 | EG47: 63 | EI47: 55 | EK47: 58 | EL47: 22 | EM47: 68 | EO47: 59 | EP47: 65 | ER47: 54 | ES47: 42 | ET47: 81 | EU47: 69 | EV47: 95 | EW47: 78 | EX47: 60 | EY47: 60 | EZ47: 48 | FA47: 90 | FB47: 54 | FC47: 63 | FD47: 87 | FG47: 82 | FJ47: 97 | FK47: 96 | FL47: 51 | FM47: 81 | FN47: 67 | FO47: 57 | FP47: 65 | FQ47: 63 | FR47: 60 | FS47: 94 | FT47: 51 | FU47: 94 | FV47: 63 | FW47: 86 | FX47: 82 | FY47: 100 | FZ47: 63 | GA47: 66 | GB47: 84 | GD47: 84 | GE47: 89 | GF47: 75 | GG47: 79 | GS47: 93 | GV47: =AVERAGE(B47:GS47) -> 74.120805
A48: What is your age group?
A49: 25 and under | B49: 7 | H49: 5 | I49: 15 | J49: 0 | K49: 0 | M49: 0 | N49: 31 | O49: 16 | P49: 12 | Q49: 0 | R49: 4 | S49: 5 | T49: 0 | U49: 20 | V49: 21 | W49: 21 | X49: 15 | Y49: 3 | Z49: 6 | AA49: 5 | AB49: 5 | AC49: 15 | AD49: 0 | AE49: 55 | AF49: 14 | AG49: 18 | AH49: 8 | AI49: 5 | AJ49: 0 | AK49: 0 | AL49: 2 | AM49: 0 | AN49: 7 | AO49: 22 | AP49: 15 | AQ49: 1 | AR49: 0 | AS49: 8 | AT49: 17 | AU49: 0 | AV49: 0 | AX49: 2 | AY49: 16 | AZ49: 2 | BA49: 0 | BB49: 3 | BC49: 20 | BD49: 44 | BE49: 11 | BF49: 14 | BG49: 0 | BH49: 6 | BI49: 10 | BJ49: 10 | BL49: 17 | BM49: 5 | BN49: 7 | BO49: 22 | BP49: 27 | BQ49: 2 | BR49: 4 | BS49: 9 | BT49: 11 | BU49: 3 | BV49: 5 | BW49: 0 | BX49: 10 | BY49: 6 | BZ49: 20 | CA49: 8 | CB49: 8 | CC49: 38 | CD49: 0 | CE49: 44 | CF49: 26 | CG49: 19 | CH49: 14 | CI49: 13 | CJ49: 10 | CK49: 0 | CL49: 4 | CM49: 0 | CN49: 18 | CP49: 25 | CQ49: 10 | CR49: 10 | CS49: 0 | CT49: 21 | CU49: 13 | CV49: 12 | CW49: 0 | CX49: 11 | CY49: 24 | CZ49: 12 | DA49: 11 | DB49: 0 | DC49: 7 | DD49: 12 | DE49: 4 | DF49: 3 | DG49: 1 | DH49: 4 | DI49: 6 | DJ49: 3 | DK49: 12 | DL49: 4 | DM49: 0 | DN49: 9 | DO49: 9 | DP49: 4 | DQ49: 3 | DR49: 9 | DS49: 12 | DT49: 9 | DU49: 2 | DV49: 17 | DW49: 13 | DX49: 4 | DY49: 0 | DZ49: 4 | EA49: 6 | EB49: 1 | EC49: 0 | ED49: 31 | EE49: 12 | EF49: 1 | EG49: 13 | EH49: 0 | EI49: 3 | EJ49: 4 | EK49: 12 | EL49: 11 | EM49: 1 | EO49: 4 | EP49: 9 | EQ49: 3 | ER49: 30 | ES49: 1 | ET49: 10 | EU49: 12 | EV49: 12 | EW49: 6 | EX49: 19 | EY49: 19 | EZ49: 13 | FA49: 12 | FB49: 13 | FC49: 17 | FD49: 7 | FE49: 0 | FF49: 10 | FG49: 7 | FH49: 9 | FI49: 7 | FJ49: 22 | FK49: 0 | FL49: 8 | FM49: 12 | FN49: 22 | FO49: 6 | FP49: 4 | FQ49: 11 | FR49: 6 | FS49: 3 | FT49: 14 | FU49: 21 | FV49: 23 | FW49: 2 | FX49: 8 | FY49: 1 | FZ49: 3 | GA49: 17 | GB49: 21 | GD49: 3 | GE49: 3 | GF49: 3 | GG49: 14 | GH49: 19 | GI49: 5 | GJ49: 18 | GK49: 12 | GL49: 10 | GM49: 17 | GN49: 15 | GO49: 13 | GP49: 24 | GQ49: 14 | GR49: 9 | GS49: 11 | GV49: =AVERAGE(B49:GS49) -> 9.9206349
A50: 26 to 30 | B50: 8 | H50: 7 | I50: 27 | J50: 0 | K50: 0 | M50: 3 | N50: 34 | O50: 7 | P50: 15 | Q50: 6 | R50: 11 | S50: 9 | T50: 11 | U50: 14 | V50: 15 | W50: 21 | X50: 3 | Y50: 10 | Z50: 8 | AA50: 4 | AB50: 0 | AC50: 7 | AD50: 6 | AE50: 33 | AF50: 7 | AG50: 25 | AH50: 16 | AI50: 10 | AJ50: 2 | AK50: 0 | AL50: 4 | AM50: 4 | AN50: 18 | AO50: 33 | AP50: 18 | AQ50: 7 | AR50: 2 | AS50: 8 | AT50: 21 | AU50: 6 | AV50: 6 | AX50: 10 | AY50: 9 | AZ50: 3 | BA50: 0 | BB50: 14 | BC50: 24 | BD50: 22 | BE50: 13 | BF50: 25 | BG50: 7 | BH50: 12 | BI50: 11 | BJ50: 13 | BL50: 15 | BM50: 4 | BN50: 0 | BO50: 13 | BP50: 18 | BQ50: 6 | BR50: 7 | BS50: 11 | BT50: 20 | BU50: 3 | BV50: 14 | BW50: 3 | BX50: 11 | BY50: 10 | BZ50: 15 | CA50: 8 | CB50: 9 | CC50: 12 | CD50: 0 | CE50: 8 | CF50: 18 | CG50: 19 | CH50: 12 | CI50: 12 | CJ50: 21 | CK50: 7 | CL50: 5 | CM50: 12 | CN50: 18 | CP50: 14 | CQ50: 10 | CR50: 4 | CS50: 5 | CT50: 10 | CU50: 9 | CV50: 4 | CW50: 0 | CX50: 21 | CY50: 18 | CZ50: 16 | DA50: 7 | DB50: 0 | DC50: 13 | DD50: 20 | DE50: 15 | DF50: 7 | DG50: 6 | DH50: 10 | DI50: 8 | DJ50: 11 | DK50: 16 | DL50: 8 | DM50: 0 | DN50: 12 | DO50: 6 | DP50: 11 | DQ50: 9 | DR50: 4 | DS50: 12 | DT50: 17 | DU50: 11 | DV50: 10 | DW50: 10 | DX50: 10 | DY50: 16 | DZ50: 6 | EA50: 11 | EB50: 11 | EC50: 12 | ED50: 16 | EE50: 9 | EF50: 0 | EG50: 12 | EH50: 6 | EI50: 7 | EJ50: 4 | EK50: 9 | EL50: 10 | EM50: 5 | EO50: 6 | EP50: 13 | EQ50: 12 | ER50: 7 | ES50: 12 | ET50: 17 | EU50: 14 | EV50: 12 | EW50: 14 | EX50: 16 | EY50: 14 | EZ50: 9 | FA50: 14 | FB50: 9 | FC50: 21 | FD50: 24 | FE50: 0 | FF50: 4 | FG50: 11 | FH50: 9 | FI50: 23 | FJ50: 18 | FK50: 4 | FL50: 11 | FM50: 9 | FN50: 20 | FO50: 5 | FP50: 5 | FQ50: 11 | FR50: 11 | FS50: 11 | FT50: 19 | FU50: 15 | FV50: 19 | FW50: 4 | FX50: 13 | FY50: 6 | FZ50: 4 | GA50: 13 | GB50: 15 | GD50: 9 | GE50: 11 | GF50: 3 | GG50: 8 | GH50: 12 | GI50: 15 | GJ50: 15 | GK50: 15 | GL50: 7 | GM50: 8 | GN50: 9 | GO50: 9 | GP50: 13 | GQ50: 9 | GR50: 21 | GS50: 11 | GV50: =AVERAGE(B50:GS50) -> 10.830688
A51: 31 to 35 | B51: 10 | H51: 12 | I51: 19 | J51: 6 | K51: 0 | M51: 17 | N51: 15 | O51: 10 | P51: 17 | Q51: 12 | R51: 9 | S51: 14 | T51: 7 | U51: 17 | V51: 9 | W51: 20 | X51: 23 | Y51: 18 | Z51: 8 | AA51: 11 | AB51: 10 | AC51: 9 | AD51: 14 | AE51: 0 | AF51: 21 | AG51: 10 | AH51: 16 | AI51: 14 | AJ51: 4 | AK51: 0 | AL51: 12 | AM51: 0 | AN51: 14 | AO51: 6 | AP51: 13 | AQ51: 17 | AR51: 5 | AS51: 10 | AT51: 17 | AU51: 33 | AV51: 22 | AX51: 17 | AY51: 16 | AZ51: 8 | BA51: 33 | BB51: 18 | BC51: 21 | BD51: 13 | BE51: 18 | BF51: 17 | BG51: 14 | BH51: 23 | BI51: 13 | BJ51: 22 | BL51: 16 | BM51: 4 | BN51: 20 | BO51: 11 | BP51: 14 | BQ51: 16 | BR51: 5 | BS51: 10 | BT51: 22 | BU51: 14 | BV51: 16 | BW51: 10 | BX51: 13 | BY51: 11 | BZ51: 7 | CA51: 12 | CB51: 11 | CC51: 9 | CD51: 0 | CE51: 8 | CF51: 3 | CG51: 18 | CH51: 14 | CI51: 24 | CJ51: 21 | CK51: 0 | CL51: 6 | CM51: 16 | CN51: 14 | CP51: 22 | CQ51: 17 | CR51: 23 | CS51: 5 | CT51: 0 | CU51: 11 | CV51: 18 | CW51: 0 | CX51: 15 | CY51: 25 | CZ51: 20 | DA51: 24 | DB51: 8 | DC51: 27 | DD51: 20 | DE51: 15 | DF51: 17 | DG51: 18 | DH51: 11 | DI51: 10 | DJ51: 14 | DK51: 13 | DL51: 21 | DM51: 0 | DN51: 6 | DO51: 13 | DP51: 11 | DQ51: 7 | DR51: 10 | DS51: 14 | DT51: 9 | DU51: 13 | DV51: 7 | DW51: 12 | DX51: 10 | DY51: 37 | DZ51: 5 | EA51: 14 | EB51: 20 | EC51: 10 | ED51: 8 | EE51: 9 | EF51: 4 | EG51: 15 | EH51: 0 | EI51: 16 | EJ51: 14 | EK51: 12 | EL51: 9 | EM51: 6 | EO51: 11 | EP51: 11 | EQ51: 19 | ER51: 7 | ES51: 9 | ET51: 6 | EU51: 11 | EV51: 13 | EW51: 18 | EX51: 17 | EY51: 14 | EZ51: 9 | FA51: 13 | FB51: 9 | FC51: 14 | FD51: 24 | FE51: 0 | FF51: 8 | FG51: 10 | FH51: 23 | FI51: 10 | FJ51: 12 | FK51: 6 | FL51: 12 | FM51: 10 | FN51: 14 | FO51: 7 | FP51: 6 | FQ51: 7 | FR51: 13 | FS51: 12 | FT51: 20 | FU51: 8 | FV51: 10 | FW51: 6 | FX51: 12 | FY51: 12 | FZ51: 8 | GA51: 17 | GB51: 11 | GD51: 13 | GE51: 8 | GF51: 5 | GG51: 11 | GH51: 13 | GI51: 14 | GJ51: 14 | GK51: 15 | GL51: 17 | GM51: 9 | GN51: 13 | GO51: 14 | GP51: 16 | GQ51: 20 | GR51: 15 | GS51: 9 | GV51: =AVERAGE(B51:GS51) -> 12.640212
A52: 36 to 40 | B52: 13 | H52: 21 | I52: 9 | J52: 26 | K52: 8 | M52: 21 | N52: 9 | O52: 17 | P52: 16 | Q52: 12 | R52: 11 | S52: 13 | T52: 41 | U52: 16 | V52: 12 | W52: 15 | X52: 23 | Y52: 14 | Z52: 15 | AA52: 15 | AB52: 10 | AC52: 13 | AD52: 29 | AE52: 0 | AF52: 14 | AG52: 18 | AH52: 24 | AI52: 27 | AJ52: 27 | AK52: 0 | AL52: 18 | AM52: 14 | AN52: 32 | AO52: 22 | AP52: 18 | AQ52: 17 | AR52: 14 | AS52: 36 | AT52: 15 | AU52: 22 | AV52: 22 | AX52: 32 | AY52: 22 | AZ52: 15 | BA52: 27 | BB52: 14 | BC52: 4 | BD52: 8 | BE52: 21 | BF52: 12 | BG52: 14 | BH52: 14 | BI52: 12 | BJ52: 16 | BL52: 15 | BM52: 13 | BN52: 7 | BO52: 15 | BP52: 12 | BQ52: 16 | BR52: 12 | BS52: 5 | BT52: 17 | BU52: 19 | BV52: 16 | BW52: 7 | BX52: 10 | BY52: 16 | BZ52: 10 | CA52: 14 | CB52: 7 | CC52: 4 | CD52: 33 | CE52: 8 | CF52: 9 | CG52: 15 | CH52: 14 | CI52: 10 | CJ52: 19 | CK52: 14 | CL52: 10 | CM52: 16 | CN52: 11 | CP52: 14 | CQ52: 10 | CR52: 14 | CS52: 19 | CT52: 0 | CU52: 13 | CV52: 22 | CW52: 12 | CX52: 19 | CY52: 15 | CZ52: 12 | DA52: 24 | DB52: 54 | DC52: 13 | DD52: 20 | DE52: 11 | DF52: 13 | DG52: 24 | DH52: 14 | DI52: 12 | DJ52: 16 | DK52: 14 | DL52: 20 | DM52: 0 | DN52: 9 | DO52: 15 | DP52: 13 | DQ52: 11 | DR52: 12 | DS52: 17 | DT52: 13 | DU52: 13 | DV52: 12 | DW52: 14 | DX52: 15 | DY52: 24 | DZ52: 10 | EA52: 19 | EB52: 17 | EC52: 24 | ED52: 12 | EE52: 15 | EF52: 9 | EG52: 12 | EH52: 17 | EI52: 11 | EJ52: 14 | EK52: 7 | EL52: 11 | EM52: 6 | EO52: 15 | EP52: 12 | EQ52: 17 | ER52: 11 | ES52: 10 | ET52: 16 | EU52: 7 | EV52: 8 | EW52: 13 | EX52: 11 | EY52: 13 | EZ52: 8 | FA52: 13 | FB52: 8 | FC52: 12 | FD52: 5 | FE52: 2 | FF52: 8 | FG52: 8 | FH52: 3 | FI52: 17 | FJ52: 12 | FK52: 3 | FL52: 14 | FM52: 12 | FN52: 11 | FO52: 14 | FP52: 14 | FQ52: 8 | FR52: 16 | FS52: 11 | FT52: 13 | FU52: 8 | FV52: 10 | FW52: 12 | FX52: 16 | FY52: 13 | FZ52: 14 | GA52: 13 | GB52: 11 | GD52: 10 | GE52: 8 | GF52: 12 | GG52: 10 | GH52: 11 | GI52: 17 | GJ52: 11 | GK52: 15 | GL52: 18 | GM52: 12 | GN52: 13 | GO52: 9 | GP52: 9 | GQ52: 13 | GR52: 3 | GS52: 14 | GV52: =AVERAGE(B52:GS52) -> 14.116402
A53: 41 to 45 | B53: 17 | H53: 22 | I53: 13 | J53: 55 | K53: 21 | M53: 26 | N53: 6 | O53: 19 | P53: 13 | Q53: 24 | R53: 28 | S53: 16 | T53: 19 | U53: 12 | V53: 14 | W53: 12 | X53: 18 | Y53: 19 | Z53: 22 | AA53: 26 | AB53: 26 | AC53: 12 | AD53: 26 | AE53: 0 | AF53: 21 | AG53: 12 | AH53: 8 | AI53: 18 | AJ53: 18 | AK53: 29 | AL53: 28 | AM53: 36 | AN53: 25 | AO53: 6 | AP53: 8 | AQ53: 17 | AR53: 24 | AS53: 12 | AT53: 15 | AU53: 17 | AV53: 13 | AX53: 17 | AY53: 6 | AZ53: 20 | BA53: 27 | BB53: 20 | BC53: 8 | BD53: 6 | BE53: 13 | BF53: 11 | BG53: 7 | BH53: 16 | BI53: 17 | BJ53: 18 | BL53: 13 | BM53: 34 | BN53: 7 | BO53: 18 | BP53: 10 | BQ53: 21 | BR53: 23 | BS53: 23 | BT53: 11 | BU53: 22 | BV53: 9 | BW53: 25 | BX53: 11 | BY53: 17 | BZ53: 14 | CA53: 24 | CB53: 10 | CC53: 7 | CD53: 33 | CE53: 8 | CF53: 24 | CG53: 8 | CH53: 22 | CI53: 15 | CJ53: 12 | CK53: 30 | CL53: 12 | CM53: 34 | CN53: 25 | CP53: 14 | CQ53: 14 | CR53: 4 | CS53: 29 | CT53: 16 | CU53: 17 | CV53: 12 | CW53: 12 | CX53: 20 | CY53: 7 | CZ53: 16 | DA53: 16 | DB53: 15 | DC53: 20 | DD53: 7 | DE53: 11 | DF53: 27 | DG53: 27 | DH53: 17 | DI53: 11 | DJ53: 13 | DK53: 12 | DL53: 22 | DM53: 20 | DN53: 14 | DO53: 22 | DP53: 11 | DQ53: 12 | DR53: 15 | DS53: 16 | DT53: 17 | DU53: 16 | DV53: 10 | DW53: 15 | DX53: 21 | DY53: 15 | DZ53: 16 | EA53: 17 | EB53: 14 | EC53: 7 | ED53: 9 | EE53: 16 | EF53: 24 | EG53: 15 | EH53: 22 | EI53: 15 | EJ53: 14 | EK53: 16 | EL53: 14 | EM53: 14 | EO53: 18 | EP53: 14 | EQ53: 17 | ER53: 13 | ES53: 11 | ET53: 8 | EU53: 17 | EV53: 12 | EW53: 13 | EX53: 12 | EY53: 15 | EZ53: 14 | FA53: 13 | FB53: 9 | FC53: 9 | FD53: 15 | FE53: 9 | FF53: 12 | FG53: 10 | FH53: 11 | FI53: 12 | FJ53: 12 | FK53: 4 | FL53: 14 | FM53: 12 | FN53: 11 | FO53: 17 | FP53: 16 | FQ53: 9 | FR53: 12 | FS53: 6 | FT53: 16 | FU53: 18 | FV53: 11 | FW53: 8 | FX53: 10 | FY53: 17 | FZ53: 12 | GA53: 8 | GB53: 9 | GD53: 10 | GE53: 15 | GF53: 14 | GG53: 8 | GH53: 7 | GI53: 13 | GJ53: 9 | GK53: 11 | GL53: 18 | GM53: 10 | GN53: 11 | GO53: 10 | GP53: 12 | GQ53: 12 | GR53: 13 | GS53: 9 | GV53: =AVERAGE(B53:GS53) -> 15.47619
A54: 46 to 50 | B54: 18 | H54: 17 | I54: 9 | J54: 8 | K54: 26 | M54: 15 | N54: 2 | O54: 9 | P54: 13 | Q54: 24 | R54: 17 | S54: 16 | T54: 11 | U54: 7 | V54: 13 | W54: 7 | X54: 13 | Y54: 16 | Z54: 16 | AA54: 11 | AB54: 21 | AC54: 20 | AD54: 19 | AE54: 11 | AF54: 14 | AG54: 10 | AH54: 13 | AI54: 14 | AJ54: 34 | AK54: 43 | AL54: 17 | AM54: 27 | AN54: 0 | AO54: 11 | AP54: 18 | AQ54: 22 | AR54: 20 | AS54: 19 | AT54: 10 | AU54: 17 | AV54: 13 | AX54: 22 | AY54: 22 | AZ54: 21 | BA54: 0 | BB54: 6 | BC54: 12 | BD54: 5 | BE54: 14 | BF54: 8 | BG54: 14 | BH54: 13 | BI54: 17 | BJ54: 13 | BL54: 12 | BM54: 21 | BN54: 13 | BO54: 9 | BP54: 12 | BQ54: 22 | BR54: 25 | BS54: 16 | BT54: 7 | BU54: 20 | BV54: 10 | BW54: 27 | BX54: 16 | BY54: 20 | BZ54: 14 | CA54: 14 | CB54: 17 | CC54: 7 | CD54: 0 | CE54: 16 | CF54: 12 | CG54: 13 | CH54: 10 | CI54: 10 | CJ54: 10 | CK54: 28 | CL54: 21 | CM54: 19 | CN54: 11 | CP54: 6 | CQ54: 17 | CR54: 8 | CS54: 5 | CT54: 16 | CU54: 13 | CV54: 17 | CW54: 6 | CX54: 11 | CY54: 7 | CZ54: 12 | DA54: 6 | DB54: 8 | DC54: 20 | DD54: 17 | DE54: 18 | DF54: 23 | DG54: 15 | DH54: 18 | DI54: 18 | DJ54: 22 | DK54: 10 | DL54: 7 | DM54: 31 | DN54: 20 | DO54: 17 | DP54: 18 | DQ54: 19 | DR54: 25 | DS54: 12 | DT54: 7 | DU54: 14 | DV54: 10 | DW54: 15 | DX54: 12 | DY54: 6 | DZ54: 21 | EA54: 19 | EB54: 16 | EC54: 15 | ED54: 11 | EE54: 15 | EF54: 19 | EG54: 12 | EH54: 33 | EI54: 15 | EJ54: 14 | EK54: 20 | EL54: 7 | EM54: 18 | EO54: 17 | EP54: 17 | EQ54: 15 | ER54: 14 | ES54: 18 | ET54: 16 | EU54: 12 | EV54: 9 | EW54: 16 | EX54: 9 | EY54: 9 | EZ54: 14 | FA54: 12 | FB54: 14 | FC54: 10 | FD54: 4 | FE54: 24 | FF54: 12 | FG54: 17 | FH54: 9 | FI54: 11 | FJ54: 9 | FK54: 7 | FL54: 12 | FM54: 12 | FN54: 9 | FO54: 18 | FP54: 13 | FQ54: 15 | FR54: 10 | FS54: 6 | FT54: 5 | FU54: 8 | FV54: 10 | FW54: 17 | FX54: 12 | FY54: 15 | FZ54: 7 | GA54: 9 | GB54: 9 | GD54: 10 | GE54: 6 | GF54: 16 | GG54: 11 | GH54: 10 | GI54: 10 | GJ54: 11 | GK54: 10 | GL54: 13 | GM54: 11 | GN54: 7 | GO54: 9 | GP54: 7 | GQ54: 7 | GR54: 15 | GS54: 18 | GV54: =AVERAGE(B54:GS54) -> 13.936508
A55: 51 to 55 | B55: 16 | H55: 1 | I55: 3 | J55: 6 | K55: 18 | M55: 15 | N55: 1 | O55: 12 | P55: 11 | Q55: 0 | R55: 8 | S55: 13 | T55: 4 | U55: 9 | V55: 8 | W55: 3 | X55: 5 | Y55: 10 | Z55: 16 | AA55: 13 | AB55: 5 | AC55: 11 | AD55: 4 | AE55: 0 | AF55: 7 | AG55: 5 | AH55: 8 | AI55: 11 | AJ55: 14 | AK55: 14 | AL55: 17 | AM55: 18 | AN55: 4 | AO55: 0 | AP55: 10 | AQ55: 9 | AR55: 22 | AS55: 6 | AT55: 4 | AU55: 0 | AV55: 22 | AX55: 0 | AY55: 6 | AZ55: 15 | BA55: 13 | BB55: 11 | BC55: 6 | BD55: 1 | BE55: 7 | BF55: 10 | BG55: 29 | BH55: 14 | BI55: 14 | BJ55: 6 | BL55: 7 | BM55: 16 | BN55: 40 | BO55: 9 | BP55: 4 | BQ55: 12 | BR55: 15 | BS55: 13 | BT55: 7 | BU55: 14 | BV55: 16 | BW55: 20 | BX55: 14 | BY55: 16 | BZ55: 14 | CA55: 13 | CB55: 21 | CC55: 8 | CD55: 11 | CE55: 4 | CF55: 9 | CG55: 6 | CH55: 10 | CI55: 9 | CJ55: 5 | CK55: 9 | CL55: 21 | CM55: 3 | CN55: 0 | CP55: 2 | CQ55: 10 | CR55: 17 | CS55: 10 | CT55: 10 | CU55: 13 | CV55: 10 | CW55: 35 | CX55: 3 | CY55: 2 | CZ55: 8 | DA55: 9 | DB55: 15 | DC55: 0 | DD55: 5 | DE55: 7 | DF55: 6 | DG55: 6 | DH55: 13 | DI55: 22 | DJ55: 15 | DK55: 10 | DL55: 10 | DM55: 36 | DN55: 18 | DO55: 12 | DP55: 7 | DQ55: 17 | DR55: 12 | DS55: 10 | DT55: 14 | DU55: 15 | DV55: 12 | DW55: 11 | DX55: 10 | DY55: 2 | DZ55: 14 | EA55: 9 | EB55: 11 | EC55: 17 | ED55: 8 | EE55: 13 | EF55: 16 | EG55: 9 | EH55: 11 | EI55: 18 | EJ55: 14 | EK55: 12 | EL55: 15 | EM55: 26 | EO55: 11 | EP55: 12 | EQ55: 12 | ER55: 11 | ES55: 21 | ET55: 17 | EU55: 14 | EV55: 18 | EW55: 8 | EX55: 7 | EY55: 9 | EZ55: 16 | FA55: 11 | FB55: 17 | FC55: 9 | FD55: 7 | FE55: 32 | FF55: 17 | FG55: 19 | FH55: 9 | FI55: 7 | FJ55: 8 | FK55: 24 | FL55: 13 | FM55: 13 | FN55: 6 | FO55: 17 | FP55: 19 | FQ55: 13 | FR55: 12 | FS55: 16 | FT55: 7 | FU55: 14 | FV55: 10 | FW55: 15 | FX55: 10 | FY55: 14 | FZ55: 18 | GA55: 9 | GB55: 10 | GD55: 13 | GE55: 16 | GF55: 14 | GG55: 13 | GH55: 11 | GI55: 9 | GJ55: 7 | GK55: 12 | GL55: 10 | GM55: 13 | GN55: 17 | GO55: 13 | GP55: 9 | GQ55: 6 | GR55: 12 | GS55: 12 | GV55: =AVERAGE(B55:GS55) -> 11.465608
A56: Over 55 | B56: 10 | H56: 7 | I56: 3 | J56: 0 | K56: 26 | M56: 3 | N56: 1 | O56: 8 | P56: 4 | Q56: 24 | R56: 12 | S56: 15 | T56: 7 | U56: 7 | V56: 9 | W56: 1 | X56: 0 | Y56: 8 | Z56: 9 | AA56: 16 | AB56: 21 | AC56: 12 | AD56: 3 | AE56: 0 | AF56: 0 | AG56: 3 | AH56: 8 | AI56: 2 | AJ56: 0 | AK56: 14 | AL56: 2 | AM56: 0 | AN56: 0 | AO56: 0 | AP56: 0 | AQ56: 9 | AR56: 14 | AS56: 2 | AT56: 1 | AU56: 6 | AV56: 2 | AX56: 0 | AY56: 3 | AZ56: 17 | BA56: 0 | BB56: 14 | BC56: 4 | BD56: 1 | BE56: 2 | BF56: 4 | BG56: 14 | BH56: 1 | BI56: 5 | BJ56: 2 | BL56: 4 | BM56: 4 | BN56: 7 | BO56: 3 | BP56: 3 | BQ56: 5 | BR56: 9 | BS56: 13 | BT56: 4 | BU56: 6 | BV56: 14 | BW56: 7 | BX56: 13 | BY56: 4 | BZ56: 6 | CA56: 8 | CB56: 16 | CC56: 14 | CD56: 22 | CE56: 5 | CF56: 0 | CG56: 3 | CH56: 4 | CI56: 5 | CJ56: 2 | CK56: 12 | CL56: 21 | CM56: 0 | CN56: 4 | CP56: 3 | CQ56: 10 | CR56: 21 | CS56: 29 | CT56: 26 | CU56: 11 | CV56: 6 | CW56: 35 | CX56: 1 | CY56: 2 | CZ56: 4 | DA56: 4 | DB56: 0 | DC56: 0 | DD56: 0 | DE56: 18 | DF56: 4 | DG56: 4 | DH56: 13 | DI56: 14 | DJ56: 4 | DK56: 12 | DL56: 7 | DM56: 13 | DN56: 12 | DO56: 6 | DP56: 24 | DQ56: 22 | DR56: 14 | DS56: 6 | DT56: 15 | DU56: 16 | DV56: 23 | DW56: 10 | DX56: 18 | DY56: 0 | DZ56: 24 | EA56: 6 | EB56: 10 | EC56: 15 | ED56: 5 | EE56: 11 | EF56: 27 | EG56: 11 | EH56: 11 | EI56: 16 | EJ56: 23 | EK56: 12 | EL56: 24 | EM56: 24 | EO56: 18 | EP56: 12 | EQ56: 6 | ER56: 7 | ES56: 19 | ET56: 11 | EU56: 12 | EV56: 18 | EW56: 11 | EX56: 9 | EY56: 8 | EZ56: 17 | FA56: 12 | FB56: 22 | FC56: 7 | FD56: 14 | FE56: 33 | FF56: 29 | FG56: 18 | FH56: 26 | FI56: 10 | FJ56: 7 | FK56: 52 | FL56: 16 | FM56: 20 | FN56: 7 | FO56: 17 | FP56: 24 | FQ56: 26 | FR56: 19 | FS56: 35 | FT56: 6 | FU56: 7 | FV56: 8 | FW56: 35 | FX56: 19 | FY56: 21 | FZ56: 34 | GA56: 14 | GB56: 14 | GD56: 32 | GE56: 33 | GF56: 33 | GG56: 23 | GH56: 17 | GI56: 17 | GJ56: 15 | GK56: 9 | GL56: 7 | GM56: 18 | GN56: 15 | GO56: 23 | GP56: 10 | GQ56: 19 | GR56: 13 | GS56: 16 | GV56: =AVERAGE(B56:GS56) -> 11.534392
A57: AVERAGE | B57: =(B49*22.5+B50*28+B51*33+B52*38+B53*43+B54*48+B55*53+B56*57.5)/100 -> 42.235 | H57: =(H49*22.5+H50*28+H51*33+H52*38+H53*43+H54*48+H55*53+H56*57.5)/100 -> 37.2 | I57: =(I49*22.5+I50*28+I51*33+I52*38+I53*43+I54*48+I55*53+I56*57.5)/100 -> 33.85 | J57: =(J49*22.5+J50*28+J51*33+J52*38+J53*43+J54*48+J55*53+J56*57.5)/100 -> 42.53 | K57: =(K49*22.5+K50*28+K51*33+K52*38+K53*43+K54*48+K55*53+K56*57.5)/100 -> 49.04 | M57: =(M49*22.5+M50*28+M51*33+M52*38+M53*43+M54*48+M55*53+M56*57.5)/100 -> 42.485 | N57: =(N49*22.5+N50*28+N51*33+N52*38+N53*43+N54*48+N55*53+N56*57.5)/100 -> 29.51 | O57: =(O49*22.5+O50*28+O51*33+O52*38+O53*43+O54*48+O55*53+O56*57.5)/100 -> 38.77 | P57: =(P49*22.5+P50*28+P51*33+P52*38+P53*43+P54*48+P55*53+P56*57.5)/100 -> 38.55 | Q57: =(Q49*22.5+Q50*28+Q51*33+Q52*38+Q53*43+Q54*48+Q55*53+Q56*57.5)/100 -> 45.84 | R57: =(R49*22.5+R50*28+R51*33+R52*38+R53*43+R54*48+R55*53+R56*57.5)/100 -> 42.47 | S57: =(S49*22.5+S50*28+S51*33+S52*38+S53*43+S54*48+S55*53+S56*57.5)/100 -> 43.28 | T57: =(T49*22.5+T50*28+T51*33+T52*38+T53*43+T54*48+T55*53+T56*57.5)/100 -> 40.565 | ... AV57: =(AV49*22.5+AV50*28+AV51*33+AV52*38+AV53*43+AV54*48+AV55*53+AV56*57.5)/100 -> 41.94 | AX57: =(AX49*22.5+AX50*28+AX51*33+AX52*38+AX53*43+AX54*48+AX55*53+AX56*57.5)/100 -> 38.89 | AY57: =(AY49*22.5+AY50*28+AY51*33+AY52*38+AY53*43+AY54*48+AY55*53+AY56*57.5)/100 -> 37.805 | AZ57: =(AZ49*22.5+AZ50*28+AZ51*33+AZ52*38+AZ53*43+AZ54*48+AZ55*53+AZ56*57.5)/100 -> 46.035 | BA57: =(BA49*22.5+BA50*28+BA51*33+BA52*38+BA53*43+BA54*48+BA55*53+BA56*57.5)/100 -> 39.65 | BB57: =(BB49*22.5+BB50*28+BB51*33+BB52*38+BB53*43+BB54*48+BB55*53+BB56*57.5)/100 -> 41.215 | BC57: =(BC49*22.5+BC50*28+BC51*33+BC52*38+BC53*43+BC54*48+BC55*53+BC56*57.5)/100 -> 34.35 | BD57: =(BD49*22.5+BD50*28+BD51*33+BD52*38+BD53*43+BD54*48+BD55*53+BD56*57.5)/100 -> 29.475 | BE57: =(BE49*22.5+BE50*28+BE51*33+BE52*38+BE53*43+BE54*48+BE55*53+BE56*57.5)/100 -> 37.205 | ... BJ57: =(BJ49*22.5+BJ50*28+BJ51*33+BJ52*38+BJ53*43+BJ54*48+BJ55*53+BJ56*57.5)/100 -> 37.54 | BL57: =(BL49*22.5+BL50*28+BL51*33+BL52*38+BL53*43+BL54*48+BL55*53+BL56*57.5)/100 -> 36.365 | BM57: =(BM49*22.5+BM50*28+BM51*33+BM52*38+BM53*43+BM54*48+BM55*53+BM56*57.5)/100 -> 43.985 | BN57: =(BN49*22.5+BN50*28+BN51*33+BN52*38+BN53*43+BN54*48+BN55*53+BN56*57.5)/100 -> 45.31 | BO57: =(BO49*22.5+BO50*28+BO51*33+BO52*38+BO53*43+BO54*48+BO55*53+BO56*57.5)/100 -> 36.475 | BP57: =(BP49*22.5+BP50*28+BP51*33+BP52*38+BP53*43+BP54*48+BP55*53+BP56*57.5)/100 -> 34.2 | BQ57: =(BQ49*22.5+BQ50*28+BQ51*33+BQ52*38+BQ53*43+BQ54*48+BQ55*53+BQ56*57.5)/100 -> 42.315 | BR57: =(BR49*22.5+BR50*28+BR51*33+BR52*38+BR53*43+BR54*48+BR55*53+BR56*57.5)/100 -> 44.085 | BS57: =(BS49*22.5+BS50*28+BS51*33+BS52*38+BS53*43+BS54*48+BS55*53+BS56*57.5)/100 -> 42.24 | ... CN57: =(CN49*22.5+CN50*28+CN51*33+CN52*38+CN53*43+CN54*48+CN55*53+CN56*57.5)/100 -> 36.22 | CP57: =(CP49*22.5+CP50*28+CP51*33+CP52*38+CP53*43+CP54*48+CP55*53+CP56*57.5)/100 -> 33.81 | CQ57: =(CQ49*22.5+CQ50*28+CQ51*33+CQ52*38+CQ53*43+CQ54*48+CQ55*53+CQ56*57.5)/100 -> 39.69 | CR57: =(CR49*22.5+CR50*28+CR51*33+CR52*38+CR53*43+CR54*48+CR55*53+CR56*57.5)/100 -> 42.925 | CS57: =(CS49*22.5+CS50*28+CS51*33+CS52*38+CS53*43+CS54*48+CS55*53+CS56*57.5)/100 -> 47.115 | CT57: =(CT49*22.5+CT50*28+CT51*33+CT52*38+CT53*43+CT54*48+CT55*53+CT56*57.5)/100 -> 42.335 | CU57: =(CU49*22.5+CU50*28+CU51*33+CU52*38+CU53*43+CU54*48+CU55*53+CU56*57.5)/100 -> 40.78 | CV57: =(CV49*22.5+CV50*28+CV51*33+CV52*38+CV53*43+CV54*48+CV55*53+CV56*57.5)/100 -> 40.19 | CW57: =(CW49*22.5+CW50*28+CW51*33+CW52*38+CW53*43+CW54*48+CW55*53+CW56*57.5)/100 -> 51.275 | ... EM57: =(EM49*22.5+EM50*28+EM51*33+EM52*38+EM53*43+EM54*48+EM55*53+EM56*57.5)/100 -> 48.125 | EO57: =(EO49*22.5+EO50*28+EO51*33+EO52*38+EO53*43+EO54*48+EO55*53+EO56*57.5)/100 -> 43.99 | EP57: =(EP49*22.5+EP50*28+EP51*33+EP52*38+EP53*43+EP54*48+EP55*53+EP56*57.5)/100 -> 41.295 | EQ57: =(EQ49*22.5+EQ50*28+EQ51*33+EQ52*38+EQ53*43+EQ54*48+EQ55*53+EQ56*57.5)/100 -> 41.085 | ER57: =(ER49*22.5+ER50*28+ER51*33+ER52*38+ER53*43+ER54*48+ER55*53+ER56*57.5)/100 -> 37.365 | ES57: =(ES49*22.5+ES50*28+ES51*33+ES52*38+ES53*43+ES54*48+ES55*53+ES56*57.5)/100 -> 45.78 | ET57: =(ET49*22.5+ET50*28+ET51*33+ET52*38+ET53*43+ET54*48+ET55*53+ET56*57.5)/100 -> 41.525 | EU57: =(EU49*22.5+EU50*28+EU51*33+EU52*38+EU53*43+EU54*48+EU55*53+EU56*57.5)/100 -> 40.3 | EV57: =(EV49*22.5+EV50*28+EV51*33+EV52*38+EV53*43+EV54*48+EV55*53+EV56*57.5)/100 -> 42.76 | ... GB57: =(GB49*22.5+GB50*28+GB51*33+GB52*38+GB53*43+GB54*48+GB55*53+GB56*57.5)/100 -> 38.275 | GD57: =(GD49*22.5+GD50*28+GD51*33+GD52*38+GD53*43+GD54*48+GD55*53+GD56*57.5)/100 -> 45.675 | GE57: =(GE49*22.5+GE50*28+GE51*33+GE52*38+GE53*43+GE54*48+GE55*53+GE56*57.5)/100 -> 46.22 | GF57: =(GF49*22.5+GF50*28+GF51*33+GF52*38+GF53*43+GF54*48+GF55*53+GF56*57.5)/100 -> 47.82 | GG57: =(GG49*22.5+GG50*28+GG51*33+GG52*38+GG53*43+GG54*48+GG55*53+GG56*57.5)/100 -> 41.655 | GH57: =(GH49*22.5+GH50*28+GH51*33+GH52*38+GH53*43+GH54*48+GH55*53+GH56*57.5)/100 -> 39.52 | GI57: =(GI49*22.5+GI50*28+GI51*33+GI52*38+GI53*43+GI54*48+GI55*53+GI56*57.5)/100 -> 41.34 | GJ57: =(GJ49*22.5+GJ50*28+GJ51*33+GJ52*38+GJ53*43+GJ54*48+GJ55*53+GJ56*57.5)/100 -> 38.535 | GK57: =(GK49*22.5+GK50*28+GK51*33+GK52*38+GK53*43+GK54*48+GK55*53+GK56*57.5)/100 -> 38.615 | ... GS57: =(GS49*22.5+GS50*28+GS51*33+GS52*38+GS53*43+GS54*48+GS55*53+GS56*57.5)/100 -> 41.915 | GV57: =(GV49*22.5+GV50*28+GV51*33+GV52*38+GV53*43+GV54*48+GV55*53+GV56*57.5)/100 -> 40.853571
A58: Are you a single parent?
A59: Yes | BE59: 11 | BH59: 17 | BJ59: 16 | BK59: 16 | BM59: 13 | BO59: 10 | BQ59: 11 | BR59: 20 | BT59: 9 | BU59: 17 | BV59: 10 | BW59: 10 | CB59: 20 | CE59: 13 | CF59: 24 | CG59: 19 | CK59: 7 | CL59: 17 | CR59: 23 | CU59: 22 | CV59: 18 | CW59: 6 | CX59: 28 | DA59: 20 | DB59: 15 | DE59: 7 | DF59: 6 | DG59: 6 | DH59: 22 | DI59: 10 | DJ59: 27 | DK59: 21 | DL59: 33 | DM59: 7 | DN59: 25 | DO59: 8 | DP59: 8 | DQ59: 16 | DR59: 16 | DS59: 27 | DT59: 36 | DU59: 13 | DV59: 22 | DW59: 38 | DX59: 13 | DY59: 10 | EA59: 22 | EB59: 31 | EC59: 10 | ED59: 19 | EE59: 13 | EG59: 18 | EH59: 11 | EI59: 28 | EJ59: 4 | EK59: 28 | EL59: 14 | EM59: 31 | EN59: 16 | EO59: 21 | EP59: 27 | EQ59: 10 | ER59: 24 | ES59: 20 | ET59: 8 | EU59: 23 | EV59: 13 | EW59: 13 | EX59: 36 | EY59: 27 | EZ59: 17 | FA59: 24 | FB59: 26 | FC59: 19 | FD59: 4 | FE59: 11 | FL59: 20 | FN59: 22 | FO59: 28 | FP59: 21 | FQ59: 13 | FR59: 16 | FS59: 17 | FU59: 16 | FV59: 26 | FW59: 12 | FX59: 22 | FY59: 10 | FZ59: 19 | GA59: 23 | GB59: 20 | GD59: 15 | GE59: 11 | GF59: 5 | GG59: 17 | GR59: 13 | GS59: 9 | GV59: =AVERAGE(B59:GS59) -> 17.381443
A60: No | BE60: 89 | BH60: 83 | BJ60: 84 | BK60: 84 | BM60: 87 | BO60: 90 | BQ60: 89 | BR60: 80 | BT60: 91 | BU60: 83 | BV60: 90 | BW60: 90 | CB60: 80 | CE60: 87 | CF60: 76 | CG60: 81 | CK60: 93 | CL60: 83 | CR60: 77 | CU60: 78 | CV60: 82 | CW60: 94 | CX60: 72 | DA60: 80 | DB60: 85 | DE60: 93 | DF60: 94 | DG60: 94 | DH60: 78 | DI60: 90 | DJ60: 73 | DK60: 79 | DL60: 67 | DM60: 93 | DN60: 75 | DO60: 92 | DP60: 92 | DQ60: 84 | DR60: 84 | DS60: 73 | DT60: 64 | DU60: 87 | DV60: 78 | DW60: 62 | DX60: 87 | DY60: 90 | EA60: 78 | EB60: 69 | EC60: 90 | ED60: 81 | EE60: 87 | EG60: 82 | EH60: 89 | EI60: 72 | EJ60: 96 | EK60: 72 | EL60: 86 | EM60: 69 | EN60: 84 | EO60: 79 | EP60: 73 | EQ60: 90 | ER60: 76 | ES60: 80 | ET60: 92 | EU60: 77 | EV60: 87 | EW60: 87 | EX60: 64 | EY60: 73 | EZ60: 83 | FA60: 76 | FB60: 74 | FC60: 81 | FD60: 96 | FE60: 89 | FL60: 80 | FN60: 78 | FO60: 72 | FP60: 79 | FQ60: 87 | FR60: 84 | FS60: 83 | FU60: 84 | FV60: 74 | FW60: 88 | FX60: 78 | FY60: 90 | FZ60: 81 | GA60: 77 | GB60: 80 | GD60: 85 | GE60: 89 | GF60: 95 | GG60: 83 | GR60: 87 | GS60: 91 | GV60: =AVERAGE(B60:GS60) -> 82.618557
A61: Which best describes your spouse or domestic partner's work status?
A62: No spouse; I live alone | B62: 22 | C62: 17 | D62: 25 | E62: 9 | H62: 20 | I62: 24 | J62: 11 | K62: 18 | M62: 22 | N62: 41 | O62: 28 | P62: 16 | Q62: 24 | R62: 22 | S62: 25 | T62: 30 | U62: 31 | V62: 31 | W62: 32 | X62: 31 | Y62: 16 | Z62: 17 | AA62: 24 | AB62: 21 | AC62: 22 | AD62: 8 | AE62: 50 | AF62: 43 | AG62: 15 | AH62: 10 | AI62: 19 | AJ62: 14 | AK62: 43 | AL62: 14 | AM62: 9 | AN62: 25 | AO62: 29 | AP62: 32 | AQ62: 19 | AR62: 24 | AS62: 26 | AT62: 22 | AU62: 22 | AV62: 11 | AX62: 15 | AY62: 10 | AZ62: 18 | BA62: 0 | BB62: 27 | BD62: 42 | BF62: 30 | BG62: 29 | BH62: 29 | BI62: 21 | BJ62: 22 | BL62: 26 | BM62: 14 | BN62: 50 | BO62: 26 | BP62: 29 | BQ62: 16 | BR62: 24 | BS62: 27 | BU62: 21 | BW62: 12 | BX62: 26 | BY62: 22 | BZ62: 16 | CA62: 23 | CC62: 38 | CD62: 38 | CE62: 40 | CF62: 33 | CH62: 26 | CI62: 30 | CJ62: 21 | CK62: 23 | CM62: 12 | CN62: 33 | CO62: 19 | CP62: 19 | CQ62: 17 | CR62: 24 | CU62: 30 | CV62: 20 | CW62: 6 | CY62: 20 | CZ62: 36 | DA62: 22 | DC62: 8 | DD62: 29 | DE62: 15 | DH62: 37 | DI62: 19 | DJ62: 30 | DK62: 29 | DL62: 33 | DM62: 11 | DN62: 31 | DO62: 17 | DQ62: 18 | DR62: 22 | DS62: 33 | DT62: 33 | DU62: 18 | DV62: 36 | DW62: 42 | DX62: 16 | DY62: 36 | DZ62: 25 | EA62: 31 | EB62: 36 | EC62: 22 | ED62: 36 | EE62: 25 | EF62: 20 | EG62: 26 | EH62: 33 | EI62: 29 | EK62: 38 | EL62: 38 | EM62: 34 | EO62: 26 | EP62: 34 | EQ62: 13 | ER62: 51 | ES62: 31 | ET62: 24 | EU62: 29 | EV62: 20 | EW62: 20 | EX62: 40 | EY62: 36 | EZ62: 26 | FA62: 30 | FB62: 35 | FC62: 32 | FD62: 13 | FE62: 20 | FF62: 28 | FG62: 20 | FH62: 31 | FI62: 27 | FJ62: 27 | FK62: 19 | FM62: 23 | FN62: 35 | FO62: 34 | FP62: 32 | FQ62: 32 | FR62: 32 | FS62: 22 | FT62: 40 | FV62: 39 | FW62: 22 | FX62: 32 | FY62: 13 | FZ62: 24 | GA62: 32 | GB62: 38 | GD62: 28 | GE62: 26 | GF62: 15 | GG62: 26 | GQ62: 47 | GV62: =AVERAGE(B62:GS62) -> 25.612121
A63: Does not work outside of the home | B63: 12 | C63: 13 | D63: 24 | E63: 33 | H63: 15 | I63: 6 | J63: 23 | K63: 23 | M63: 17 | N63: 2 | O63: 6 | P63: 17 | Q63: 35 | R63: 17 | S63: 17 | T63: 7 | U63: 9 | V63: 14 | W63: 7 | X63: 11 | Y63: 17 | Z63: 18 | AA63: 12 | AB63: 10 | AC63: 14 | AD63: 18 | AE63: 0 | AF63: 21 | AG63: 33 | AH63: 10 | AI63: 18 | AJ63: 14 | AK63: 0 | AL63: 14 | AM63: 18 | AN63: 4 | AO63: 0 | AP63: 8 | AQ63: 12 | AR63: 10 | AS63: 8 | AT63: 19 | AU63: 6 | AV63: 17 | AW63: 13 | AX63: 20 | AY63: 26 | AZ63: 17 | BA63: 13 | BB63: 20 | BD63: 9 | BF63: 9 | BG63: 0 | BH63: 10 | BI63: 12 | BJ63: 9 | BL63: 19 | BM63: 11 | BN63: 6 | BO63: 25 | BP63: 11 | BQ63: 13 | BR63: 13 | BS63: 19 | BU63: 15 | BW63: 16 | BX63: 18 | BY63: 12 | BZ63: 19 | CA63: 21 | CC63: 15 | CD63: 0 | CE63: 13 | CF63: 12 | CH63: 16 | CI63: 13 | CJ63: 21 | CK63: 2 | CM63: 25 | CN63: 15 | CO63: 17 | CP63: 26 | CQ63: 31 | CR63: 16 | CU63: 11 | CV63: 10 | CW63: 35 | CY63: 25 | CZ63: 32 | DA63: 13 | DC63: 23 | DD63: 10 | DE63: 22 | DH63: 8 | DI63: 15 | DJ63: 9 | DK63: 14 | DL63: 7 | DM63: 14 | DN63: 10 | DO63: 8 | DQ63: 20 | DR63: 16 | DS63: 8 | DT63: 4 | DU63: 22 | DV63: 8 | DW63: 7 | DX63: 26 | DY63: 18 | DZ63: 22 | EA63: 10 | EB63: 8 | EC63: 12 | ED63: 12 | EE63: 11 | EF63: 24 | EG63: 19 | EH63: 17 | EI63: 16 | EK63: 15 | EL63: 15 | EM63: 14 | EO63: 18 | EP63: 23 | EQ63: 12 | ER63: 10 | ES63: 13 | ET63: 14 | EU63: 15 | EV63: 17 | EW63: 16 | EX63: 8 | EY63: 14 | EZ63: 15 | FA63: 17 | FB63: 11 | FC63: 11 | FD63: 15 | FE63: 20 | FF63: 12 | FG63: 12 | FH63: 23 | FI63: 15 | FJ63: 13 | FK63: 32 | FM63: 15 | FN63: 10 | FO63: 12 | FP63: 11 | FQ63: 17 | FR63: 16 | FS63: 17 | FT63: 3 | FV63: 12 | FW63: 23 | FX63: 17 | FY63: 11 | FZ63: 17 | GA63: 11 | GB63: 10 | GD63: 20 | GE63: 21 | GF63: 28 | GG63: 21 | GQ63: 7 | GV63: =AVERAGE(B63:GS63) -> 14.771084
A64: Works a different schedule for this company | B64: 7 | C64: 0 | D64: 1 | E64: 2 | H64: 3 | I64: 4 | J64: 11 | K64: 3 | M64: 11 | N64: 7 | O64: 5 | P64: 7 | Q64: 24 | R64: 5 | S64: 9 | T64: 4 | U64: 8 | V64: 7 | W64: 8 | X64: 6 | Y64: 6 | Z64: 6 | AA64: 11 | AB64: 0 | AC64: 6 | AD64: 0 | AE64: 25 | AF64: 7 | AG64: 0 | AH64: 5 | AI64: 6 | AJ64: 4 | AK64: 0 | AL64: 7 | AM64: 9 | AN64: 4 | AO64: 0 | AP64: 8 | AQ64: 18 | AR64: 5 | AS64: 10 | AT64: 4 | AU64: 6 | AV64: 6 | AW64: 12 | AX64: 5 | AY64: 0 | AZ64: 6 | BA64: 0 | BB64: 4 | BD64: 8 | BF64: 11 | BG64: 14 | BH64: 7 | BI64: 21 | BJ64: 3 | BL64: 4 | BM64: 17 | BN64: 0 | BO64: 11 | BP64: 8 | BQ64: 7 | BR64: 10 | BS64: 8 | BU64: 3 | BW64: 8 | BX64: 9 | BY64: 16 | BZ64: 8 | CA64: 6 | CC64: 7 | CD64: 0 | CE64: 5 | CF64: 6 | CH64: 14 | CI64: 6 | CJ64: 5 | CK64: 7 | CM64: 6 | CN64: 7 | CO64: 5 | CP64: 16 | CQ64: 10 | CR64: 12 | CU64: 8 | CV64: 5 | CW64: 24 | CY64: 17 | CZ64: 9 | DA64: 2 | DC64: 54 | DD64: 7 | DE64: 4 | DH64: 6 | DI64: 4 | DJ64: 5 | DK64: 8 | DL64: 4 | DM64: 14 | DN64: 6 | DO64: 9 | DQ64: 6 | DR64: 9 | DS64: 8 | DT64: 8 | DU64: 6 | DV64: 9 | DW64: 8 | DX64: 3 | DY64: 10 | DZ64: 3 | EA64: 6 | EB64: 7 | EC64: 12 | ED64: 7 | EE64: 5 | EF64: 18 | EG64: 9 | EH64: 17 | EI64: 8 | EK64: 8 | EL64: 2 | EM64: 5 | EO64: 9 | EP64: 4 | EQ64: 7 | ER64: 7 | ES64: 5 | ET64: 4 | EU64: 10 | EV64: 4 | EW64: 4 | EX64: 6 | EY64: 5 | EZ64: 9 | FA64: 7 | FB64: 6 | FC64: 7 | FD64: 5 | FE64: 9 | FF64: 14 | FG64: 4 | FH64: 3 | FI64: 3 | FJ64: 9 | FK64: 4 | FM64: 4 | FN64: 6 | FO64: 9 | FP64: 7 | FQ64: 7 | FR64: 6 | FS64: 3 | FT64: 13 | FV64: 6 | FW64: 3 | FX64: 2 | FY64: 5 | FZ64: 4 | GA64: 4 | GB64: 2 | GD64: 4 | GE64: 5 | GF64: 4 | GG64: 4 | GQ64: 4 | GV64: =AVERAGE(B64:GS64) -> 7.253012
A65: Work a different schedule elsewhere | B65: 23 | C65: 47 | D65: 47 | E65: 35 | H65: 28 | I65: 42 | J65: 55 | K65: 54 | M65: 51 | N65: 32 | O65: 34 | P65: 35 | Q65: 6 | R65: 43 | S65: 38 | T65: 56 | U65: 28 | V65: 28 | W65: 37 | X65: 44 | Y65: 49 | Z65: 48 | AA65: 27 | AB65: 26 | AC65: 34 | AD65: 64 | AE65: 25 | AF65: 29 | AG65: 29 | AH65: 40 | AI65: 49 | AJ65: 54 | AK65: 43 | AL65: 33 | AM65: 64 | AN65: 54 | AO65: 59 | AP65: 26 | AQ65: 25 | AR65: 39 | AS65: 33 | AT65: 37 | AU65: 50 | AV65: 57 | AW65: 40 | AX65: 41 | AY65: 58 | AZ65: 22 | BA65: 60 | BB65: 27 | BD65: 31 | BF65: 26 | BG65: 43 | BH65: 18 | BI65: 20 | BJ65: 55 | BL65: 32 | BM65: 50 | BN65: 38 | BO65: 32 | BP65: 30 | BQ65: 57 | BR65: 49 | BS65: 25 | BU65: 55 | BW65: 63 | BX65: 29 | BY65: 42 | BZ65: 32 | CA65: 40 | CC65: 30 | CD65: 62 | CE65: 39 | CF65: 42 | CH65: 32 | CI65: 41 | CJ65: 31 | CK65: 63 | CM65: 44 | CN65: 26 | CO65: 38 | CP65: 19 | CQ65: 41 | CR65: 40 | CU65: 25 | CV65: 43 | CW65: 18 | CY65: 18 | CZ65: 4 | DA65: 60 | DC65: 8 | DD65: 51 | DE65: 59 | DH65: 33 | DI65: 28 | DJ65: 29 | DK65: 27 | DL65: 30 | DM65: 31 | DN65: 30 | DO65: 51 | DQ65: 46 | DR65: 35 | DS65: 29 | DT65: 35 | DU65: 49 | DV65: 31 | DW65: 26 | DX65: 32 | DY65: 32 | DZ65: 28 | EA65: 31 | EB65: 27 | EC65: 30 | ED65: 32 | EE65: 37 | EF65: 17 | EG65: 28 | EH65: 33 | EI65: 34 | EK65: 22 | EL65: 27 | EM65: 31 | EO65: 33 | EP65: 17 | EQ65: 65 | ER65: 21 | ES65: 30 | ET65: 35 | EU65: 29 | EV65: 34 | EW65: 32 | EX65: 24 | EY65: 23 | EZ65: 24 | FA65: 28 | FB65: 20 | FC65: 26 | FD65: 66 | FE65: 34 | FF65: 22 | FG65: 36 | FH65: 37 | FI65: 36 | FJ65: 32 | FK65: 35 | FM65: 31 | FN65: 30 | FO65: 29 | FP65: 22 | FQ65: 29 | FR65: 24 | FS65: 36 | FT65: 13 | FV65: 29 | FW65: 34 | FX65: 28 | FY65: 64 | FZ65: 31 | GA65: 25 | GB65: 31 | GD65: 42 | GE65: 44 | GF65: 42 | GG65: 40 | GQ65: 26 | GV65: =AVERAGE(B65:GS65) -> 35.819277
A66: Works the same schedule at this company | B66: 13 | C66: 7 | D66: 3 | E66: 3 | H66: 6 | I66: 10 | J66: 0 | K66: 0 | M66: 0 | N66: 6 | O66: 7 | P66: 1 | Q66: 6 | R66: 1 | S66: 7 | T66: 0 | U66: 9 | V66: 10 | W66: 6 | X66: 3 | Y66: 4 | Z66: 3 | AA66: 6 | AB66: 0 | AC66: 7 | AD66: 0 | AE66: 0 | AF66: 0 | AG66: 5 | AH66: 8 | AI66: 2 | AJ66: 0 | AK66: 14 | AL66: 6 | AM66: 0 | AN66: 0 | AO66: 6 | AP66: 8 | AQ66: 8 | AR66: 15 | AS66: 4 | AT66: 5 | AU66: 11 | AV66: 6 | AW66: 6 | AX66: 5 | AY66: 3 | AZ66: 11 | BA66: 0 | BB66: 6 | BD66: 3 | BF66: 7 | BG66: 7 | BH66: 7 | BI66: 14 | BJ66: 5 | BL66: 4 | BM66: 8 | BN66: 0 | BO66: 3 | BP66: 12 | BQ66: 7 | BR66: 4 | BS66: 4 | BU66: 6 | BW66: 0 | BX66: 10 | BY66: 4 | BZ66: 6 | CA66: 2 | CC66: 1 | CD66: 0 | CE66: 1 | CF66: 3 | CH66: 2 | CI66: 5 | CJ66: 12 | CK66: 5 | CM66: 3 | CN66: 0 | CO66: 3 | CP66: 14 | CQ66: 0 | CR66: 2 | CU66: 11 | CV66: 3 | CW66: 0 | CY66: 15 | CZ66: 9 | DA66: 4 | DC66: 8 | DD66: 0 | DE66: 0 | DH66: 5 | DI66: 5 | DJ66: 4 | DK66: 6 | DL66: 10 | DM66: 6 | DN66: 9 | DO66: 4 | DQ66: 4 | DR66: 6 | DS66: 5 | DT66: 6 | DU66: 1 | DV66: 4 | DW66: 5 | DX66: 6 | DY66: 1 | DZ66: 6 | EA66: 8 | EB66: 9 | EC66: 10 | ED66: 4 | EE66: 3 | EF66: 12 | EG66: 6 | EH66: 0 | EI66: 3 | EK66: 5 | EL66: 2 | EM66: 9 | EO66: 8 | EP66: 5 | EQ66: 1 | ER66: 1 | ES66: 0 | ET66: 6 | EU66: 6 | EV66: 3 | EW66: 4 | EX66: 12 | EY66: 9 | EZ66: 15 | FA66: 6 | FB66: 6 | FC66: 8 | FD66: 1 | FE66: 3 | FF66: 9 | FG66: 3 | FH66: 0 | FI66: 4 | FJ66: 7 | FK66: 1 | FM66: 6 | FN66: 8 | FO66: 5 | FP66: 8 | FQ66: 5 | FR66: 6 | FS66: 2 | FT66: 12 | FV66: 4 | FW66: 2 | FX66: 4 | FY66: 0 | FZ66: 4 | GA66: 8 | GB66: 5 | GD66: 4 | GE66: 2 | GF66: 0 | GG66: 4 | GQ66: 3 | GV66: =AVERAGE(B66:GS66) -> 5.0301205
A67: Works the same schedule elsewhere | B67: 22 | C67: 17 | D67: 0 | E67: 18 | H67: 28 | I67: 14 | J67: 0 | K67: 3 | M67: 0 | N67: 11 | O67: 21 | P67: 24 | Q67: 6 | R67: 11 | S67: 3 | T67: 4 | U67: 15 | V67: 10 | W67: 9 | X67: 6 | Y67: 9 | Z67: 7 | AA67: 19 | AB67: 42 | AC67: 17 | AD67: 0 | AE67: 0 | AF67: 0 | AG67: 18 | AH67: 26 | AI67: 6 | AJ67: 14 | AK67: 0 | AL67: 26 | AM67: 0 | AN67: 14 | AO67: 6 | AP67: 18 | AQ67: 18 | AR67: 8 | AS67: 20 | AT67: 13 | AU67: 0 | AV67: 0 | AW67: 3 | AX67: 3 | AY67: 3 | AZ67: 26 | BA67: 27 | BB67: 15 | BD67: 8 | BF67: 18 | BG67: 7 | BH67: 28 | BI67: 12 | BJ67: 6 | BL67: 15 | BM67: 0 | BN67: 6 | BO67: 3 | BP67: 10 | BQ67: 0 | BR67: 1 | BS67: 16 | BU67: 0 | BW67: 1 | BX67: 8 | BY67: 4 | BZ67: 18 | CA67: 8 | CC67: 8 | CD67: 0 | CE67: 1 | CF67: 3 | CH67: 10 | CI67: 5 | CJ67: 10 | CK67: 0 | CM67: 9 | CN67: 18 | CO67: 17 | CP67: 6 | CQ67: 0 | CR67: 6 | CU67: 16 | CV67: 20 | CW67: 18 | CY67: 5 | CZ67: 9 | DA67: 0 | DC67: 0 | DD67: 2 | DE67: 0 | DH67: 11 | DI67: 29 | DJ67: 22 | DK67: 16 | DL67: 16 | DM67: 24 | DN67: 15 | DO67: 12 | DQ67: 6 | DR67: 12 | DS67: 16 | DT67: 13 | DU67: 4 | DV67: 11 | DW67: 11 | DX67: 16 | DY67: 2 | DZ67: 16 | EA67: 15 | EB67: 14 | EC67: 12 | ED67: 9 | EE67: 19 | EF67: 8 | EG67: 12 | EH67: 0 | EI67: 9 | EK67: 12 | EL67: 16 | EM67: 7 | EO67: 5 | EP67: 17 | EQ67: 3 | ER67: 9 | ES67: 21 | ET67: 18 | EU67: 12 | EV67: 22 | EW67: 24 | EX67: 10 | EY67: 14 | EZ67: 11 | FA67: 13 | FB67: 21 | FC67: 14 | FD67: 0 | FE67: 14 | FF67: 14 | FG67: 25 | FH67: 6 | FI67: 12 | FJ67: 12 | FK67: 10 | FM67: 20 | FN67: 12 | FO67: 10 | FP67: 21 | FQ67: 10 | FR67: 15 | FS67: 20 | FT67: 18 | FV67: 10 | FW67: 15 | FX67: 16 | FY67: 6 | FZ67: 19 | GA67: 19 | GB67: 14 | GD67: 2 | GE67: 1 | GF67: 11 | GG67: 5 | GQ67: 13 | GV67: =AVERAGE(B67:GS67) -> 11.210843
A68: How do you normally get to work?
A69: Drive by myself | B69: 94 | C69: 90 | D69: 93 | E69: 73 | G69: 89 | H69: 92 | I69: 92 | J69: 83 | K69: 100 | M69: 88 | N69: 95 | O69: 95 | P69: 97 | Q69: 100 | R69: 22 | S69: 91 | T69: 100 | U69: 90 | V69: 78 | W69: 93 | X69: 95 | Y69: 96 | Z69: 98 | AA69: 85 | AB69: 100 | AC69: 94 | AD69: 74 | AE69: 100 | AF69: 100 | AG69: 94 | AH69: 95 | AI69: 100 | AK69: 100 | AL69: 98 | AM69: 100 | AN69: 82 | AO69: 94 | AP69: 87 | AQ69: 84 | AR69: 90 | AS69: 86 | AT69: 94 | AU69: 94 | AV69: 91 | AX69: 92 | AY69: 100 | AZ69: 96 | BA69: 100 | BB69: 97 | BC69: 97 | BD69: 63 | BE69: 68 | BF69: 94 | BG69: 81 | BH69: 98 | BI69: 83 | BJ69: 92 | BL69: 98 | BM69: 99 | BN69: 88 | BO69: 57 | BP69: 89 | BQ69: 94 | BR69: 97 | BS69: 86 | BT69: 98 | BU69: 94 | BV69: 94 | BW69: 94 | BX69: 87 | BY69: 76 | BZ69: 93 | CC69: 94 | CD69: 100 | CE69: 92 | CF69: 85 | CG69: 99 | CH69: 96 | CI69: 90 | CJ69: 93 | CM69: 100 | CN69: 93 | CO69: 98 | CP69: 93 | CQ69: 100 | CR69: 92 | CS69: 76 | CT69: 90 | CU69: 85 | CV69: 100 | CW69: 100 | CX69: 87 | CY69: 89 | CZ69: 88 | DA69: 87 | DC69: 93 | DD69: 90 | DE69: 100 | DF69: 94 | DG69: 89 | DH69: 92 | DI69: 93 | DJ69: 96 | DK69: 97 | DL69: 97 | DM69: 98 | DN69: 92 | DO69: 92 | DP69: 94 | DQ69: 97 | DR69: 96 | DS69: 90 | DT69: 99 | DU69: 100 | DV69: 90 | DW69: 94 | DX69: 84 | DZ69: 96 | EA69: 95 | EB69: 91 | EC69: 98 | ED69: 92 | EE69: 97 | EF69: 71 | EG69: 95 | EH69: 94 | EI69: 96 | EJ69: 100 | EK69: 91 | EL69: 94 | EM69: 95 | EN69: 97 | EO69: 94 | EP69: 92 | EQ69: 74 | ER69: 83 | ES69: 89 | ET69: 96 | EU69: 95 | EV69: 92 | EW69: 96 | EX69: 72 | EY69: 86 | EZ69: 80 | FA69: 80 | FB69: 95 | FC69: 88 | FE69: 53 | FF69: 76 | FG69: 97 | FH69: 94 | FI69: 93 | FJ69: 80 | FK69: 99 | FL69: 94 | FM69: 88 | FN69: 92 | FO69: 99 | FP69: 95 | FQ69: 93 | FR69: 89 | FS69: 98 | FT69: 50 | FU69: 89 | FV69: 84 | FW69: 98 | FX69: 99 | FY69: 88 | FZ69: 99 | GA69: 87 | GB69: 92 | GC69: 91 | GD69: 98 | GE69: 91 | GF69: 100 | GG69: 95 | GH69: 99 | GI69: 97 | GK69: 96.9 | GL69: 94 | GM69: 92 | GN69: 92 | GO69: 94 | GP69: 95 | GQ69: 96 | GR69: 99 | GS69: 92 | GV69: =AVERAGE(B69:GS69) -> 91.159893
A70: Carpool | B70: 6 | C70: 10 | D70: 7 | E70: 27 | G70: 11 | H70: 8 | I70: 8 | J70: 17 | K70: 0 | M70: 12 | N70: 5 | O70: 5 | P70: 3 | Q70: 0 | R70: 78 | S70: 9 | T70: 0 | U70: 10 | V70: 21 | W70: 7 | X70: 0 | Y70: 4 | Z70: 1 | AA70: 12 | AB70: 0 | AC70: 6 | AD70: 26 | AE70: 0 | AF70: 0 | AG70: 6 | AH70: 5 | AI70: 0 | AK70: 0 | AL70: 1 | AM70: 0 | AN70: 18 | AO70: 0 | AP70: 5 | AQ70: 13 | AR70: 10 | AS70: 2 | AT70: 6 | AU70: 6 | AV70: 7 | AX70: 8 | AY70: 0 | AZ70: 4 | BA70: 0 | BB70: 3 | BC70: 3 | BD70: 37 | BE70: 8 | BF70: 5 | BG70: 0 | BH70: 2 | BI70: 14 | BJ70: 8 | BL70: 2 | BM70: 1 | BN70: 12 | BO70: 2 | BP70: 10 | BQ70: 6 | BR70: 3 | BS70: 13 | BT70: 2 | BU70: 6 | BV70: 4 | BW70: 6 | BX70: 13 | BY70: 24 | BZ70: 6 | CC70: 5 | CD70: 0 | CE70: 4 | CF70: 15 | CG70: 1 | CH70: 2 | CI70: 9 | CJ70: 7 | CM70: 0 | CN70: 7 | CO70: 1 | CP70: 7 | CQ70: 0 | CR70: 4 | CS70: 24 | CT70: 10 | CU70: 12 | CV70: 0 | CW70: 0 | CX70: 13 | CY70: 8 | CZ70: 4 | DA70: 13 | DC70: 7 | DD70: 10 | DE70: 0 | DF70: 6 | DG70: 9 | DH70: 7 | DI70: 7 | DJ70: 4 | DK70: 3 | DL70: 2 | DM70: 2 | DN70: 8 | DO70: 8 | DP70: 6 | DQ70: 3 | DR70: 4 | DS70: 9 | DT70: 0 | DU70: 0 | DV70: 7 | DW70: 6 | DX70: 16 | DZ70: 2 | EA70: 5 | EB70: 9 | EC70: 2 | ED70: 8 | EE70: 3 | EF70: 14 | EG70: 4 | EH70: 0 | EI70: 3 | EJ70: 0 | EK70: 9 | EL70: 6 | EM70: 4 | EN70: 3 | EO70: 6 | EP70: 8 | EQ70: 26 | ER70: 14 | ES70: 11 | ET70: 4 | EU70: 4 | EV70: 8 | EW70: 4 | EX70: 16 | EY70: 14 | EZ70: 20 | FA70: 20 | FB70: 4 | FC70: 10 | FE70: 46 | FF70: 22 | FG70: 3 | FH70: 0 | FI70: 4 | FJ70: 18 | FK70: 1 | FL70: 0 | FM70: 8 | FN70: 6 | FO70: 3 | FP70: 5 | FQ70: 7 | FR70: 9 | FS70: 2 | FT70: 15 | FU70: 11 | FV70: 12 | FW70: 0 | FX70: 1 | FY70: 11 | FZ70: 1 | GA70: 12 | GB70: 8 | GC70: 7 | GD70: 2 | GE70: 2 | GF70: 0 | GG70: 4 | GH70: 1 | GI70: 1 | GK70: 2.5 | GL70: 6 | GM70: 7 | GN70: 6 | GO70: 6 | GP70: 5 | GQ70: 4 | GR70: 1 | GS70: 8 | GV70: =AVERAGE(B70:GS70) -> 7.2326203
A71: Public transportation | P71: 0 | Q71: 0 | V71: 1 | W71: 0 | X71: 5 | Y71: 0 | Z71: 0 | AA71: 0 | AB71: 0 | AC71: 0 | AD71: 0 | AE71: 0 | AF71: 0 | AG71: 0 | AH71: 0 | AI71: 0 | AK71: 0 | AL71: 1 | AM71: 0 | AN71: 0 | AO71: 6 | AP71: 8 | AQ71: 3 | AR71: 0 | AS71: 12 | AT71: 0 | AU71: 0 | AV71: 2 | AX71: 0 | AY71: 0 | AZ71: 0 | BA71: 0 | BB71: 0 | BC71: 0 | BD71: 0 | BE71: 6 | BF71: 1 | BG71: 19 | BH71: 0 | BI71: 3 | BJ71: 0 | BL71: 0 | BM71: 0 | BN71: 0 | BO71: 36 | BP71: 1 | BQ71: 0 | BR71: 0 | BS71: 1 | BT71: 0 | BU71: 0 | BV71: 2 | BW71: 0 | BX71: 0 | BY71: 0 | BZ71: 1 | CC71: 0 | CD71: 0 | CE71: 3 | CF71: 0 | CG71: 0 | CH71: 2 | CI71: 1 | CJ71: 0 | CM71: 0 | CN71: 0 | CO71: 0 | CP71: 0 | CQ71: 0 | CR71: 0 | CS71: 0 | CT71: 0 | CV71: 0 | CW71: 0 | CX71: 0 | CY71: 3 | CZ71: 8 | DA71: 0 | DC71: 0 | DD71: 0 | DE71: 0 | DF71: 0 | DG71: 1 | DH71: 1 | DI71: 0 | DJ71: 0 | DK71: 0 | DL71: 1 | DM71: 0 | DN71: 0 | DO71: 0 | DP71: 0 | DQ71: 0 | DR71: 0 | DS71: 1 | DT71: 1 | DU71: 0 | DV71: 3 | DW71: 1 | DZ71: 2 | EA71: 0 | EB71: 0 | EC71: 0 | ED71: 1 | EE71: 0 | EF71: 15 | EG71: 1 | EH71: 6 | EI71: 1 | EJ71: 0 | EK71: 0 | EL71: 0 | EM71: 1 | EN71: 0 | EO71: 0 | EP71: 0 | EQ71: 0 | ER71: 3 | ES71: 0 | ET71: 0 | EU71: 1 | EV71: 0 | EW71: 0 | EX71: 12 | EY71: 0 | EZ71: 0 | FA71: 0 | FB71: 1 | FC71: 1 | FE71: 1 | FF71: 3 | FG71: 0 | FH71: 6 | FI71: 1 | FJ71: 2 | FK71: 0 | FL71: 6 | FM71: 4 | FN71: 2 | FO71: 1 | FP71: 0 | FQ71: 0 | FR71: 2 | FS71: 0 | FT71: 6 | FU71: 0 | FV71: 4 | FW71: 2 | FX71: 0 | FY71: 2 | FZ71: 0 | GA71: 1 | GB71: 0 | GC71: 1 | GD71: 0 | GE71: 1 | GF71: 0 | GG71: 0 | GH71: 0 | GI71: 2 | GK71: 0.6 | GL71: 0 | GM71: 1 | GN71: 2 | GO71: 0 | GP71: 0 | GQ71: 0 | GR71: 0 | GS71: 0 | GV71: =AVERAGE(B71:GS71) -> 1.3585799
A72: Walk or bike | GC72: 1 | GD72: 0 | GE72: 5 | GF72: 0 | GG72: 0 | GH72: 0 | GI72: 0 | GK72: 0 | GL72: 0 | GM72: 0 | GN72: 0 | GO72: 0 | GP72: 0 | GQ72: 0 | GR72: =AVERAGE(A72:GF72) -> 1.5 | GS72: 0 | GV72: =AVERAGE(B72:GS72) -> 0.46875
A73: How far do you commute to work (one way)?
A74: Less than 1 mile | B74: 2 | C74: 0 | D74: 16 | E74: 0 | G74: 0 | H74: 2 | J74: 0 | K74: 0 | M74: 0 | N74: 1 | O74: 1 | P74: 4 | Q74: 0 | R74: 0 | S74: 5 | T74: 0 | U74: 5 | V74: 1 | W74: 1 | X74: 3 | Y74: 2 | Z74: 0 | AA74: 6 | AB74: 0 | AC74: 8 | AE74: 37 | AF74: 0 | AG74: 3 | AH74: 3 | AI74: 2 | AJ74: 20 | AK74: 0 | AL74: 0 | AM74: 0 | AN74: 0 | AP74: 8 | AQ74: 0 | AR74: 1 | AS74: 4 | AT74: 2 | AU74: 0 | AV74: 2 | AW74: 6 | AX74: 7 | AY74: 3 | AZ74: 4 | BA74: 0 | BB74: 2 | BC74: 0 | BF74: 1 | BG74: 0 | BH74: 1 | BI74: 5 | BJ74: 1 | BL74: 8 | BM74: 2 | BN74: 0 | BP74: 20 | BQ74: 2 | BR74: 1 | BS74: 7 | BT74: 2 | BU74: 0 | BV74: 7 | BW74: 6 | BX74: 7 | BY74: 2 | BZ74: 3 | CB74: 0 | CC74: 6 | CD74: 0 | CE74: 2 | CF74: 3 | CG74: 0 | CH74: 0 | CI74: 1 | CJ74: 0 | CL74: 4 | CM74: 0 | CN74: 0 | CO74: 1 | CP74: 8 | CQ74: 3 | CR74: 4 | CS74: 0 | CT74: 5 | CU74: 11 | CV74: 0 | CX74: 8 | CY74: 4 | CZ74: 0 | DA74: 0 | DB74: 0 | DC74: 0 | DD74: 0 | DE74: 0 | DH74: 1 | DI74: 2 | DJ74: 1 | DK74: 11 | DL74: 11 | DN74: 4 | DP74: 8 | DQ74: 8 | DR74: 1 | DS74: 3 | DT74: 5 | DU74: 0 | DV74: 2 | DW74: 2 | DX74: 1 | DZ74: 6 | EA74: 5 | EB74: 4 | EC74: 0 | ED74: 2 | EE74: 2 | EF74: 4 | EG74: 3 | EI74: 3 | EJ74: 0 | EK74: 2 | EL74: 0 | EM74: 2 | EO74: 2 | EP74: 4 | ER74: 11 | ES74: 2 | ET74: 2 | EU74: 2 | EV74: 1 | EW74: 7 | EX74: 0 | EY74: 4 | EZ74: 0 | FA74: 5 | FB74: 12 | FC74: 14 | FD74: 0 | FE74: 0 | FF74: 2 | FG74: 9 | FH74: 0 | FI74: 1 | FJ74: 4 | FK74: 0 | FL74: 8 | FM74: 1 | FN74: 1 | FO74: 2 | FP74: 1 | FQ74: 0 | FR74: 2 | FS74: 2 | FT74: 1 | FU74: 6 | FV74: 2 | FW74: 2 | FX74: 19 | FY74: 11 | FZ74: 9 | GA74: 5 | GB74: 1 | GC74: 1 | GD74: 2 | GE74: 13.33 | GF74: 0 | GG74: 7 | GH74: 5 | GI74: 0 | GJ74: 9 | GK74: 2 | GL74: 1 | GM74: 14 | GN74: 10 | GO74: 8 | GP74: 1 | GQ74: 5 | GR74: 0 | GS74: 0 | GV74: =AVERAGE(B74:GS74) -> 3.4573889
A75: 1 to 5 miles | B75: 24 | C75: 13 | D75: 16 | E75: 6 | G75: 15 | H75: 11 | J75: 0 | K75: 13 | M75: 0 | N75: 12 | O75: 23 | P75: 32 | Q75: 0 | R75: 0 | S75: 23 | T75: 26 | U75: 37 | V75: 13 | W75: 9 | X75: 18 | Y75: 22 | Z75: 24 | AA75: 35 | AB75: 21 | AC75: 19 | AE75: 0 | AF75: 7 | AG75: 20 | AH75: 19 | AI75: 11 | AJ75: 25 | AK75: 0 | AL75: 5 | AM75: 5 | AN75: 11 | AP75: 33 | AQ75: 4 | AR75: 48 | AS75: 17 | AT75: 13 | AU75: 0 | AV75: 26 | AW75: 12 | AX75: 27 | AY75: 9 | AZ75: 23 | BA75: 0 | BB75: 16 | BC75: 15 | BF75: 17 | BG75: 38 | BH75: 16 | BI75: 29 | BJ75: 21 | BL75: 30 | BM75: 32 | BN75: 12 | BP75: 49 | BQ75: 21 | BR75: 23 | BS75: 20 | BT75: 11 | BU75: 12 | BV75: 18 | BW75: 30 | BX75: 41 | BY75: 10 | BZ75: 20 | CB75: 3 | CC75: 23 | CD75: 0 | CE75: 31 | CF75: 24 | CG75: 7 | CH75: 14 | CI75: 18 | CJ75: 19 | CL75: 37 | CM75: 0 | CN75: 14 | CO75: 8 | CP75: 42 | CQ75: 10 | CR75: 17 | CS75: 0 | CT75: 0 | CU75: 23 | CV75: 26 | CX75: 9 | CY75: 24 | CZ75: 20 | DA75: 7 | DB75: 8 | DC75: 20 | DD75: 2 | DE75: 4 | DH75: 9 | DI75: 24 | DJ75: 16 | DK75: 31 | DL75: 33 | DN75: 29 | DP75: 37 | DQ75: 40 | DR75: 11 | DS75: 15 | DT75: 20 | DU75: 17 | DV75: 11 | DW75: 25 | DX75: 1 | DZ75: 29 | EA75: 34 | EB75: 20 | EC75: 12 | ED75: 13 | EE75: 16 | EF75: 30 | EG75: 38 | EI75: 21 | EJ75: 14 | EK75: 17 | EL75: 10 | EM75: 14 | EO75: 18 | EP75: 16 | ER75: 16 | ES75: 18 | ET75: 16 | EU75: 43 | EV75: 24 | EW75: 19 | EX75: 8 | EY75: 30 | EZ75: 3 | FA75: 10 | FB75: 40 | FC75: 28 | FD75: 1 | FE75: 6 | FF75: 14 | FG75: 18 | FH75: 11 | FI75: 20 | FJ75: 24 | FK75: 2 | FL75: 27 | FM75: 17 | FN75: 9 | FO75: 26 | FP75: 30 | FQ75: 16 | FR75: 10 | FS75: 11 | FT75: 8 | FU75: 13 | FV75: 26 | FW75: 8 | FX75: 46 | FY75: 29 | FZ75: 20 | GA75: 17 | GB75: 12 | GC75: 13 | GD75: 22 | GE75: 36.67 | GF75: 37 | GG75: 31 | GH75: 7 | GI75: 3 | GJ75: 46 | GK75: 9 | GL75: 10 | GM75: 38 | GN75: 41 | GO75: 39 | GP75: 10 | GQ75: 26 | GR75: 1 | GS75: 4 | GV75: =AVERAGE(B75:GS75) -> 18.270389
A76: 6 to 10 miles | B76: 27 | C76: 23 | D76: 19 | E76: 10 | G76: 19 | H76: 18 | J76: 17 | K76: 26 | M76: 5 | N76: 24 | O76: 26 | P76: 30 | Q76: 29 | R76: 0 | S76: 22 | T76: 30 | U76: 23 | V76: 27 | W76: 16 | X76: 36 | Y76: 36 | Z76: 29 | AA76: 32 | AB76: 10 | AC76: 18 | AE76: 12 | AF76: 21 | AG76: 19 | AH76: 31 | AI76: 27 | AJ76: 16 | AK76: 14 | AL76: 12 | AM76: 5 | AN76: 21 | AP76: 18 | AQ76: 13 | AR76: 23 | AS76: 15 | AT76: 17 | AU76: 11 | AV76: 20 | AW76: 12 | AX76: 20 | AY76: 12 | AZ76: 18 | BA76: 19 | BB76: 25 | BC76: 32 | BF76: 22 | BG76: 31 | BH76: 13 | BI76: 21 | BJ76: 29 | BL76: 24 | BM76: 17 | BN76: 25 | BP76: 14 | BQ76: 26 | BR76: 25 | BS76: 25 | BT76: 13 | BU76: 16 | BV76: 14 | BW76: 22 | BX76: 9 | BY76: 11 | BZ76: 10 | CB76: 16 | CC76: 25 | CD76: 11 | CE76: 34 | CF76: 38 | CG76: 27 | CH76: 31 | CI76: 14 | CJ76: 26 | CL76: 18 | CM76: 9 | CN76: 21 | CO76: 14 | CP76: 26 | CQ76: 31 | CR76: 25 | CS76: 10 | CT76: 10 | CU76: 21 | CV76: 32 | CX76: 14 | CY76: 37 | CZ76: 44 | DA76: 13 | DB76: 31 | DC76: 27 | DD76: 10 | DE76: 22 | DH76: 20 | DI76: 24 | DJ76: 16 | DK76: 6 | DL76: 17 | DN76: 16 | DP76: 21 | DQ76: 15 | DR76: 18 | DS76: 15 | DT76: 26 | DU76: 18 | DV76: 25 | DW76: 27 | DX76: 4 | DZ76: 27 | EA76: 17 | EB76: 18 | EC76: 22 | ED76: 22 | EE76: 18 | EF76: 26 | EG76: 21 | EI76: 25 | EJ76: 18 | EK76: 24 | EL76: 32 | EM76: 20 | EO76: 18 | EP76: 31 | ER76: 6 | ES76: 14 | ET76: 26 | EU76: 15 | EV76: 16 | EW76: 17 | EX76: 17 | EY76: 15 | EZ76: 7 | FA76: 12 | FB76: 26 | FC76: 12 | FD76: 13 | FE76: 9 | FF76: 27 | FG76: 16 | FH76: 20 | FI76: 16 | FJ76: 14 | FK76: 10 | FL76: 18 | FM76: 34 | FN76: 21 | FO76: 26 | FP76: 27 | FQ76: 29 | FR76: 29 | FS76: 32 | FT76: 29 | FU76: 11 | FV76: 22 | FW76: 20 | FX76: 6 | FY76: 11 | FZ76: 26 | GA76: 28 | GB76: 26 | GC76: 17 | GD76: 29 | GE76: 15.56 | GF76: 33 | GG76: 15 | GH76: 17 | GI76: 7 | GJ76: 14 | GK76: 23 | GL76: 16 | GM76: 18 | GN76: 27 | GO76: 27 | GP76: 20 | GQ76: 21 | GR76: 6 | GS76: 20 | GV76: =AVERAGE(B76:GS76) -> 20.136444
A77: 11 to 20 miles | B77: 27 | C77: 27 | D77: 19 | E77: 15 | G77: 26 | H77: 38 | J77: 28 | K77: 18 | M77: 12 | N77: 25 | O77: 27 | P77: 27 | Q77: 35 | R77: 1 | S77: 26 | T77: 7 | U77: 25 | V77: 36 | W77: 28 | X77: 33 | Y77: 29 | Z77: 30 | AA77: 14 | AB77: 53 | AC77: 34 | AE77: 12 | AF77: 43 | AG77: 33 | AH77: 28 | AI77: 27 | AJ77: 20 | AK77: 57 | AL77: 32 | AM77: 38 | AN77: 25 | AP77: 20 | AQ77: 26 | AR77: 13 | AS77: 25 | AT77: 31 | AU77: 22 | AV77: 24 | AW77: 18 | AX77: 12 | AY77: 19 | AZ77: 25 | BA77: 19 | BB77: 33 | BC77: 30 | BF77: 18 | BG77: 12 | BH77: 22 | BI77: 21 | BJ77: 30 | BL77: 20 | BM77: 30 | BN77: 0 | BP77: 11 | BQ77: 27 | BR77: 24 | BS77: 24 | BT77: 18 | BU77: 21 | BV77: 9 | BW77: 19 | BX77: 12 | BY77: 24 | BZ77: 22 | CB77: 27 | CC77: 14 | CD77: 0 | CE77: 14 | CF77: 15 | CG77: 38 | CH77: 18 | CI77: 15 | CJ77: 24 | CL77: 17 | CM77: 25 | CN77: 29 | CO77: 35 | CP77: 16 | CQ77: 28 | CR77: 35 | CS77: 62 | CT77: 58 | CU77: 22 | CV77: 26 | CX77: 21 | CY77: 28 | CZ77: 28 | DA77: 18 | DB77: 31 | DC77: 27 | DD77: 54 | DE77: 48 | DH77: 33 | DI77: 29 | DJ77: 24 | DK77: 24 | DL77: 18 | DN77: 21 | DP77: 16 | DQ77: 21 | DR77: 39 | DS77: 32 | DT77: 23 | DU77: 38 | DV77: 27 | DW77: 25 | DX77: 34 | DZ77: 18 | EA77: 21 | EB77: 13 | EC77: 34 | ED77: 37 | EE77: 33 | EF77: 21 | EG77: 22 | EI77: 23 | EJ77: 9 | EK77: 28 | EL77: 40 | EM77: 35 | EO77: 26 | EP77: 28 | ER77: 25 | ES77: 36 | ET77: 26 | EU77: 23 | EV77: 33 | EW77: 25 | EX77: 36 | EY77: 25 | EZ77: 32 | FA77: 28 | FB77: 13 | FC77: 30 | FD77: 23 | FE77: 13 | FF77: 32 | FG77: 30 | FH77: 40 | FI77: 19 | FJ77: 16 | FK77: 20 | FL77: 16 | FM77: 30 | FN77: 38 | FO77: 26 | FP77: 27 | FQ77: 26 | FR77: 30 | FS77: 27 | FT77: 18 | FU77: 18 | FV77: 29 | FW77: 34 | FX77: 14 | FY77: 22 | FZ77: 20 | GA77: 44 | GB77: 22 | GC77: 24 | GD77: 24 | GE77: 15.56 | GF77: 23 | GG77: 23 | GH77: 25 | GI77: 36 | GJ77: 13 | GK77: 36 | GL77: 28 | GM77: 17 | GN77: 13 | GO77: 13 | GP77: 33 | GQ77: 34 | GR77: 28 | GS77: 27 | GV77: =AVERAGE(B77:GS77) -> 25.442
A78: 21 to 30 miles | B78: 15 | C78: 23 | D78: 9 | E78: 16 | G78: 14 | H78: 19 | J78: 47 | K78: 26 | M78: 39 | N78: 13 | O78: 16 | P78: 4 | Q78: 18 | R78: 3 | S78: 8 | T78: 15 | U78: 8 | V78: 17 | W78: 27 | X78: 10 | Y78: 7 | Z78: 9 | AA78: 13 | AB78: 10 | AC78: 15 | AE78: 12 | AF78: 14 | AG78: 19 | AH78: 14 | AI78: 11 | AJ78: 9 | AK78: 14 | AL78: 23 | AM78: 14 | AN78: 18 | AP78: 5 | AQ78: 33 | AR78: 7 | AS78: 25 | AT78: 14 | AU78: 50 | AV78: 13 | AW78: 18 | AX78: 24 | AY78: 22 | AZ78: 22 | BA78: 50 | BB78: 9 | BC78: 11 | BF78: 24 | BG78: 19 | BH78: 25 | BI78: 16 | BJ78: 11 | BL78: 10 | BM78: 7 | BN78: 6 | BP78: 3 | BQ78: 15 | BR78: 17 | BS78: 17 | BT78: 27 | BU78: 24 | BV78: 29 | BW78: 18 | BX78: 17 | BY78: 23 | BZ78: 20 | CB78: 29 | CC78: 13 | CD78: 11 | CE78: 8 | CF78: 15 | CG78: 19 | CH78: 12 | CI78: 15 | CJ78: 24 | CL78: 10 | CM78: 22 | CN78: 14 | CO78: 17 | CP78: 5 | CQ78: 24 | CR78: 10 | CS78: 19 | CT78: 21 | CU78: 15 | CV78: 8 | CX78: 9 | CY78: 5 | CZ78: 8 | DA78: 18 | DB78: 15 | DC78: 20 | DD78: 15 | DE78: 15 | DH78: 23 | DI78: 14 | DJ78: 17 | DK78: 14 | DL78: 13 | DN78: 16 | DP78: 13 | DQ78: 13 | DR78: 21 | DS78: 25 | DT78: 15 | DU78: 16 | DV78: 18 | DW78: 13 | DX78: 31 | DZ78: 8 | EA78: 13 | EB78: 26 | EC78: 24 | ED78: 16 | EE78: 20 | EF78: 10 | EG78: 10 | EI78: 13 | EJ78: 0 | EK78: 14 | EL78: 14 | EM78: 17 | EO78: 17 | EP78: 13 | ER78: 25 | ES78: 16 | ET78: 17 | EU78: 12 | EV78: 16 | EW78: 17 | EX78: 19 | EY78: 16 | EZ78: 30 | FA78: 20 | FB78: 6 | FC78: 10 | FD78: 47 | FE78: 14 | FF78: 16 | FG78: 17 | FH78: 26 | FI78: 22 | FJ78: 16 | FK78: 36 | FL78: 17 | FM78: 9 | FN78: 22 | FO78: 13 | FP78: 10 | FQ78: 20 | FR78: 15 | FS78: 16 | FT78: 35 | FU78: 19 | FV78: 18 | FW78: 21 | FX78: 8 | FY78: 12 | FZ78: 15 | GA78: 5 | GB78: 25 | GC78: 22 | GD78: 11 | GE78: 13.3 | GF78: 2 | GG78: 14 | GH78: 19 | GI78: 35 | GJ78: 8 | GK78: 21 | GL78: 22 | GM78: 9 | GN78: 7 | GO78: 9 | GP78: 25 | GQ78: 11 | GR78: 31 | GS78: 14 | GV78: =AVERAGE(B78:GS78) -> 16.801667
A79: 31 to 40 miles | B79: 4 | C79: 3 | D79: 5 | E79: 17 | G79: 14 | H79: 8 | J79: 8 | K79: 5 | M79: 24 | N79: 13 | O79: 4 | P79: 3 | Q79: 12 | R79: 54 | S79: 6 | T79: 19 | U79: 2 | V79: 2 | W79: 12 | X79: 0 | Y79: 2 | Z79: 6 | AA79: 0 | AB79: 5 | AC79: 5 | AE79: 25 | AF79: 7 | AG79: 4 | AH79: 0 | AI79: 10 | AJ79: 4 | AK79: 14 | AL79: 12 | AM79: 24 | AN79: 18 | AP79: 10 | AQ79: 17 | AR79: 4 | AS79: 10 | AT79: 14 | AU79: 0 | AV79: 13 | AW79: 18 | AX79: 10 | AY79: 28 | AZ79: 5 | BA79: 6 | BB79: 9 | BC79: 4 | BF79: 10 | BG79: 0 | BH79: 13 | BI79: 4 | BJ79: 6 | BL79: 5 | BM79: 7 | BN79: 6 | BP79: 2 | BQ79: 6 | BR79: 5 | BS79: 5 | BT79: 18 | BU79: 14 | BV79: 14 | BW79: 6 | BX79: 13 | BY79: 14 | BZ79: 19 | CB79: 14 | CC79: 9 | CD79: 11 | CE79: 10 | CF79: 6 | CG79: 7 | CH79: 10 | CI79: 13 | CJ79: 7 | CL79: 9 | CM79: 16 | CN79: 18 | CO79: 12 | CP79: 0 | CQ79: 0 | CR79: 6 | CS79: 5 | CT79: 5 | CU79: 3 | CV79: 6 | CX79: 17 | CY79: 1 | CZ79: 0 | DA79: 26 | DB79: 0 | DC79: 7 | DD79: 17 | DE79: 7 | DH79: 9 | DI79: 6 | DJ79: 16 | DK79: 8 | DL79: 6 | DN79: 7 | DP79: 4 | DQ79: 3 | DR79: 5 | DS79: 7 | DT79: 5 | DU79: 6 | DV79: 10 | DW79: 5 | DX79: 16 | DZ79: 4 | EA79: 4 | EB79: 11 | EC79: 5 | ED79: 6 | EE79: 7 | EF79: 5 | EG79: 6 | EI79: 9 | EJ79: 23 | EK79: 9 | EL79: 4 | EM79: 8 | EO79: 13 | EP79: 6 | ER79: 13 | ES79: 11 | ET79: 11 | EU79: 4 | EV79: 6 | EW79: 13 | EX79: 12 | EY79: 6 | EZ79: 16 | FA79: 10 | FB79: 2 | FC79: 6 | FD79: 8 | FE79: 14 | FF79: 4 | FG79: 3 | FH79: 3 | FI79: 10 | FJ79: 4 | FK79: 23 | FL79: 7 | FM79: 3 | FN79: 8 | FO79: 5 | FP79: 5 | FQ79: 5 | FR79: 9 | FS79: 9 | FT79: 4 | FU79: 14 | FV79: 3 | FW79: 7 | FX79: 4 | FY79: 8 | FZ79: 7 | GA79: 1 | GB79: 10 | GC79: 12 | GD79: 7 | GE79: 4.44 | GF79: 5 | GG79: 7 | GH79: 18 | GI79: 17 | GJ79: 6 | GK79: 6 | GL79: 14 | GM79: 1 | GN79: 1 | GO79: 1 | GP79: 8 | GQ79: 3 | GR79: 22 | GS79: 13 | GV79: =AVERAGE(B79:GS79) -> 8.7468889
A80: More than 40 miles | B80: 1 | C80: 10 | D80: 15 | E80: 36 | G80: 12 | H80: 5 | J80: 0 | K80: 13 | M80: 20 | N80: 11 | O80: 2 | P80: 1 | Q80: 6 | R80: 42 | S80: 11 | T80: 4 | U80: 0 | V80: 4 | W80: 7 | X80: 0 | Y80: 2 | Z80: 1 | AA80: 0 | AB80: 0 | AC80: 1 | AE80: 0 | AF80: 7 | AG80: 1 | AH80: 6 | AI80: 11 | AJ80: 4 | AK80: 0 | AL80: 15 | AM80: 14 | AN80: 7 | AP80: 5 | AQ80: 6 | AR80: 4 | AS80: 4 | AT80: 10 | AU80: 17 | AV80: 4 | AW80: 15 | AX80: 0 | AY80: 6 | AZ80: 3 | BA80: 6 | BB80: 6 | BC80: 8 | BF80: 8 | BG80: 0 | BH80: 10 | BI80: 3 | BJ80: 2 | BL80: 3 | BM80: 5 | BN80: 50 | BP80: 2 | BQ80: 4 | BR80: 4 | BS80: 1 | BT80: 12 | BU80: 14 | BV80: 7 | BW80: 0 | BX80: 2 | BY80: 15 | BZ80: 5 | CB80: 11 | CC80: 10 | CD80: 67 | CE80: 1 | CF80: 0 | CG80: 2 | CH80: 16 | CI80: 24 | CJ80: 0 | CL80: 6 | CM80: 28 | CN80: 4 | CO80: 12 | CP80: 4 | CQ80: 3 | CR80: 4 | CS80: 5 | CT80: 0 | CU80: 5 | CV80: 3 | CX80: 22 | CY80: 1 | CZ80: 0 | DA80: 18 | DB80: 15 | DC80: 0 | DD80: 2 | DE80: 4 | DH80: 4 | DI80: 1 | DJ80: 11 | DK80: 6 | DL80: 2 | DN80: 7 | DP80: 1 | DQ80: 0 | DR80: 5 | DS80: 3 | DT80: 6 | DU80: 4 | DV80: 8 | DW80: 3 | DX80: 12 | DZ80: 9 | EA80: 6 | EB80: 9 | EC80: 2 | ED80: 2 | EE80: 4 | EF80: 3 | EG80: 1 | EI80: 6 | EJ80: 36 | EK80: 7 | EL80: 0 | EM80: 4 | EO80: 6 | EP80: 3 | ER80: 4 | ES80: 4 | ET80: 1 | EU80: 1 | EV80: 3 | EW80: 2 | EX80: 7 | EY80: 3 | EZ80: 10 | FA80: 15 | FB80: 2 | FC80: 1 | FD80: 7 | FE80: 44 | FF80: 4 | FG80: 7 | FH80: 0 | FI80: 13 | FJ80: 21 | FK80: 9 | FL80: 3 | FM80: 5 | FN80: 2 | FO80: 2 | FP80: 0 | FQ80: 5 | FR80: 5 | FS80: 4 | FT80: 5 | FU80: 19 | FV80: 0 | FW80: 7 | FX80: 3 | FY80: 7 | FZ80: 3 | GA80: 1 | GB80: 3 | GC80: 11 | GD80: 4 | GE80: 1.11 | GF80: 0 | GG80: 4 | GH80: 9 | GI80: 2 | GJ80: 4 | GK80: 4 | GL80: 9 | GM80: 2 | GN80: 1 | GO80: 3 | GP80: 4 | GQ80: 1 | GR80: 12 | GS80: 22 | GV80: =AVERAGE(B80:GS80) -> 7.0728333
A81: AVERAGE | B81: =(B74*0.5+B75*3+B76*8+B77*15.5+B78*25.5+B79*35.5+B80*45)/100 -> 12.77 | C81: =(C74*0.5+C75*3+C76*8+C77*15.5+C78*25.5+C79*35.5+C80*45)/100 -> 17.845 | D81: =(D74*0.5+D75*3+D76*8+D77*15.5+D78*25.5+D79*35.5+D80*45)/100 -> 15.845 | E81: =(E74*0.5+E75*3+E76*8+E77*15.5+E78*25.5+E79*35.5+E80*45)/100 -> 29.62 | G81: =(G74*0.5+G75*3+G76*8+G77*15.5+G78*25.5+G79*35.5+G80*45)/100 -> 19.94 | H81: =(H74*0.5+H75*3+H76*8+H77*15.5+H78*25.5+H79*35.5+H80*45)/100 -> 17.605 | J81: =(J74*0.5+J75*3+J76*8+J77*15.5+J78*25.5+J79*35.5+J80*45)/100 -> 20.525 | K81: =(K74*0.5+K75*3+K76*8+K77*15.5+K78*25.5+K79*35.5+K80*45)/100 -> 19.515 | M81: =(M74*0.5+M75*3+M76*8+M77*15.5+M78*25.5+M79*35.5+M80*45)/100 -> 29.725 | N81: =(N74*0.5+N75*3+N76*8+N77*15.5+N78*25.5+N79*35.5+N80*45)/100 -> 19.04 | O81: =(O74*0.5+O75*3+O76*8+O77*15.5+O78*25.5+O79*35.5+O80*45)/100 -> 13.36 | P81: =(P74*0.5+P75*3+P76*8+P77*15.5+P78*25.5+P79*35.5+P80*45)/100 -> 10.1 | Q81: =(Q74*0.5+Q75*3+Q76*8+Q77*15.5+Q78*25.5+Q79*35.5+Q80*45)/100 -> 19.295 | R81: =(R74*0.5+R75*3+R76*8+R77*15.5+R78*25.5+R79*35.5+R80*45)/100 -> 38.99 | S81: =(S74*0.5+S75*3+S76*8+S77*15.5+S78*25.5+S79*35.5+S80*45)/100 -> 15.625 | T81: =(T74*0.5+T75*3+T76*8+T77*15.5+T78*25.5+T79*35.5+T80*45)/100 -> 16.635 | ... AC81: =(AC74*0.5+AC75*3+AC76*8+AC77*15.5+AC78*25.5+AC79*35.5+AC80*45)/100 -> 13.37 | AE81: =(AE74*0.5+AE75*3+AE76*8+AE77*15.5+AE78*25.5+AE79*35.5+AE80*45)/100 -> 14.94 | AF81: =(AF74*0.5+AF75*3+AF76*8+AF77*15.5+AF78*25.5+AF79*35.5+AF80*45)/100 -> 17.76 | AG81: =(AG74*0.5+AG75*3+AG76*8+AG77*15.5+AG78*25.5+AG79*35.5+AG80*45)/100 -> 13.965 | AH81: =(AH74*0.5+AH75*3+AH76*8+AH77*15.5+AH78*25.5+AH79*35.5+AH80*45)/100 -> 13.675 | AI81: =(AI74*0.5+AI75*3+AI76*8+AI77*15.5+AI78*25.5+AI79*35.5+AI80*45)/100 -> 17.99 | AJ81: =(AJ74*0.5+AJ75*3+AJ76*8+AJ77*15.5+AJ78*25.5+AJ79*35.5+AJ80*45)/100 -> 10.745 | AK81: =(AK74*0.5+AK75*3+AK76*8+AK77*15.5+AK78*25.5+AK79*35.5+AK80*45)/100 -> 18.495 | AL81: =(AL74*0.5+AL75*3+AL76*8+AL77*15.5+AL78*25.5+AL79*35.5+AL80*45)/100 -> 22.945 | ... AN81: =(AN74*0.5+AN75*3+AN76*8+AN77*15.5+AN78*25.5+AN79*35.5+AN80*45)/100 -> 20.015 | AP81: =(AP74*0.5+AP75*3+AP76*8+AP77*15.5+AP78*25.5+AP79*35.5+AP80*45)/100 -> 12.645 | AQ81: =(AQ74*0.5+AQ75*3+AQ76*8+AQ77*15.5+AQ78*25.5+AQ79*35.5+AQ80*45)/100 -> 22.34 | AR81: =(AR74*0.5+AR75*3+AR76*8+AR77*15.5+AR78*25.5+AR79*35.5+AR80*45)/100 -> 10.305 | AS81: =(AS74*0.5+AS75*3+AS76*8+AS77*15.5+AS78*25.5+AS79*35.5+AS80*45)/100 -> 17.33 | AT81: =(AT74*0.5+AT75*3+AT76*8+AT77*15.5+AT78*25.5+AT79*35.5+AT80*45)/100 -> 19.605 | AU81: =(AU74*0.5+AU75*3+AU76*8+AU77*15.5+AU78*25.5+AU79*35.5+AU80*45)/100 -> 24.69 | AV81: =(AV74*0.5+AV75*3+AV76*8+AV77*15.5+AV78*25.5+AV79*35.5+AV80*45)/100 -> 15.84 | AW81: =(AW74*0.5+AW75*3+AW76*8+AW77*15.5+AW78*25.5+AW79*35.5+AW80*45)/100 -> 21.87 | ... BC81: =(BC74*0.5+BC75*3+BC76*8+BC77*15.5+BC78*25.5+BC79*35.5+BC80*45)/100 -> 15.485 | BF81: =(BF74*0.5+BF75*3+BF76*8+BF77*15.5+BF78*25.5+BF79*35.5+BF80*45)/100 -> 18.335 | BG81: =(BG74*0.5+BG75*3+BG76*8+BG77*15.5+BG78*25.5+BG79*35.5+BG80*45)/100 -> 10.325 | BH81: =(BH74*0.5+BH75*3+BH76*8+BH77*15.5+BH78*25.5+BH79*35.5+BH80*45)/100 -> 20.425 | BI81: =(BI74*0.5+BI75*3+BI76*8+BI77*15.5+BI78*25.5+BI79*35.5+BI80*45)/100 -> 12.68 | BJ81: =(BJ74*0.5+BJ75*3+BJ76*8+BJ77*15.5+BJ78*25.5+BJ79*35.5+BJ80*45)/100 -> 13.44 | BL81: =(BL74*0.5+BL75*3+BL76*8+BL77*15.5+BL78*25.5+BL79*35.5+BL80*45)/100 -> 11.635 | BM81: =(BM74*0.5+BM75*3+BM76*8+BM77*15.5+BM78*25.5+BM79*35.5+BM80*45)/100 -> 13.5 | BN81: =(BN74*0.5+BN75*3+BN76*8+BN77*15.5+BN78*25.5+BN79*35.5+BN80*45)/100 -> 28.52 | BP81: =(BP74*0.5+BP75*3+BP76*8+BP77*15.5+BP78*25.5+BP79*35.5+BP80*45)/100 -> 6.77 | BQ81: =(BQ74*0.5+BQ75*3+BQ76*8+BQ77*15.5+BQ78*25.5+BQ79*35.5+BQ80*45)/100 -> 14.66 | BR81: =(BR74*0.5+BR75*3+BR76*8+BR77*15.5+BR78*25.5+BR79*35.5+BR80*45)/100 -> 14.325 | BS81: =(BS74*0.5+BS75*3+BS76*8+BS77*15.5+BS78*25.5+BS79*35.5+BS80*45)/100 -> 12.915 | BT81: =(BT74*0.5+BT75*3+BT76*8+BT77*15.5+BT78*25.5+BT79*35.5+BT80*45)/100 -> 22.845 | BU81: =(BU74*0.5+BU75*3+BU76*8+BU77*15.5+BU78*25.5+BU79*35.5+BU80*45)/100 -> 22.285 | BV81: =(BV74*0.5+BV75*3+BV76*8+BV77*15.5+BV78*25.5+BV79*35.5+BV80*45)/100 -> 18.605 | BW81: =(BW74*0.5+BW75*3+BW76*8+BW77*15.5+BW78*25.5+BW79*35.5+BW80*45)/100 -> 12.355 | ... BZ81: =(BZ74*0.5+BZ75*3+BZ76*8+BZ77*15.5+BZ78*25.5+BZ79*35.5+BZ80*45)/100 -> 18.92 | CB81: =(CB74*0.5+CB75*3+CB76*8+CB77*15.5+CB78*25.5+CB79*35.5+CB80*45)/100 -> 22.87 | CC81: =(CC74*0.5+CC75*3+CC76*8+CC77*15.5+CC78*25.5+CC79*35.5+CC80*45)/100 -> 15.9 | CD81: =(CD74*0.5+CD75*3+CD76*8+CD77*15.5+CD78*25.5+CD79*35.5+CD80*45)/100 -> 37.74 | CE81: =(CE74*0.5+CE75*3+CE76*8+CE77*15.5+CE78*25.5+CE79*35.5+CE80*45)/100 -> 11.87 | CF81: =(CF74*0.5+CF75*3+CF76*8+CF77*15.5+CF78*25.5+CF79*35.5+CF80*45)/100 -> 12.055 | CG81: =(CG74*0.5+CG75*3+CG76*8+CG77*15.5+CG78*25.5+CG79*35.5+CG80*45)/100 -> 16.49 | CH81: =(CH74*0.5+CH75*3+CH76*8+CH77*15.5+CH78*25.5+CH79*35.5+CH80*45)/100 -> 19.5 | CI81: =(CI74*0.5+CI75*3+CI76*8+CI77*15.5+CI78*25.5+CI79*35.5+CI80*45)/100 -> 23.23 | CJ81: =(CJ74*0.5+CJ75*3+CJ76*8+CJ77*15.5+CJ78*25.5+CJ79*35.5+CJ80*45)/100 -> 14.975 | CL81: =(CL74*0.5+CL75*3+CL76*8+CL77*15.5+CL78*25.5+CL79*35.5+CL80*45)/100 -> 13.65 | CM81: =(CM74*0.5+CM75*3+CM76*8+CM77*15.5+CM78*25.5+CM79*35.5+CM80*45)/100 -> 28.485 | CN81: =(CN74*0.5+CN75*3+CN76*8+CN77*15.5+CN78*25.5+CN79*35.5+CN80*45)/100 -> 18.355 | CO81: =(CO74*0.5+CO75*3+CO76*8+CO77*15.5+CO78*25.5+CO79*35.5+CO80*45)/100 -> 20.785 | CP81: =(CP74*0.5+CP75*3+CP76*8+CP77*15.5+CP78*25.5+CP79*35.5+CP80*45)/100 -> 8.935 | CQ81: =(CQ74*0.5+CQ75*3+CQ76*8+CQ77*15.5+CQ78*25.5+CQ79*35.5+CQ80*45)/100 -> 14.605 | CR81: =(CR74*0.5+CR75*3+CR76*8+CR77*15.5+CR78*25.5+CR79*35.5+CR80*45)/100 -> 14.435 | CS81: =(CS74*0.5+CS75*3+CS76*8+CS77*15.5+CS78*25.5+CS79*35.5+CS80*45)/100 -> 19.28 | ... CV81: =(CV74*0.5+CV75*3+CV76*8+CV77*15.5+CV78*25.5+CV79*35.5+CV80*45)/100 -> 12.89 | CX81: =(CX74*0.5+CX75*3+CX76*8+CX77*15.5+CX78*25.5+CX79*35.5+CX80*45)/100 -> 22.915 | CY81: =(CY74*0.5+CY75*3+CY76*8+CY77*15.5+CY78*25.5+CY79*35.5+CY80*45)/100 -> 10.12 | CZ81: =(CZ74*0.5+CZ75*3+CZ76*8+CZ77*15.5+CZ78*25.5+CZ79*35.5+CZ80*45)/100 -> 10.5 | DA81: =(DA74*0.5+DA75*3+DA76*8+DA77*15.5+DA78*25.5+DA79*35.5+DA80*45)/100 -> 25.96 | DB81: =(DB74*0.5+DB75*3+DB76*8+DB77*15.5+DB78*25.5+DB79*35.5+DB80*45)/100 -> 18.1 | DC81: =(DC74*0.5+DC75*3+DC76*8+DC77*15.5+DC78*25.5+DC79*35.5+DC80*45)/100 -> 14.53 | DD81: =(DD74*0.5+DD75*3+DD76*8+DD77*15.5+DD78*25.5+DD79*35.5+DD80*45)/100 -> 19.99 | DE81: =(DE74*0.5+DE75*3+DE76*8+DE77*15.5+DE78*25.5+DE79*35.5+DE80*45)/100 -> 17.43 | DH81: =(DH74*0.5+DH75*3+DH76*8+DH77*15.5+DH78*25.5+DH79*35.5+DH80*45)/100 -> 17.85 | DI81: =(DI74*0.5+DI75*3+DI76*8+DI77*15.5+DI78*25.5+DI79*35.5+DI80*45)/100 -> 13.295 | DJ81: =(DJ74*0.5+DJ75*3+DJ76*8+DJ77*15.5+DJ78*25.5+DJ79*35.5+DJ80*45)/100 -> 20.45 | DK81: =(DK74*0.5+DK75*3+DK76*8+DK77*15.5+DK78*25.5+DK79*35.5+DK80*45)/100 -> 14.295 | DL81: =(DL74*0.5+DL75*3+DL76*8+DL77*15.5+DL78*25.5+DL79*35.5+DL80*45)/100 -> 11.54 | DN81: =(DN74*0.5+DN75*3+DN76*8+DN77*15.5+DN78*25.5+DN79*35.5+DN80*45)/100 -> 15.14 | DP81: =(DP74*0.5+DP75*3+DP76*8+DP77*15.5+DP78*25.5+DP79*35.5+DP80*45)/100 -> 10.495 | DQ81: =(DQ74*0.5+DQ75*3+DQ76*8+DQ77*15.5+DQ78*25.5+DQ79*35.5+DQ80*45)/100 -> 10.075 | DR81: =(DR74*0.5+DR75*3+DR76*8+DR77*15.5+DR78*25.5+DR79*35.5+DR80*45)/100 -> 17.2 | DS81: =(DS74*0.5+DS75*3+DS76*8+DS77*15.5+DS78*25.5+DS79*35.5+DS80*45)/100 -> 16.835 | DT81: =(DT74*0.5+DT75*3+DT76*8+DT77*15.5+DT78*25.5+DT79*35.5+DT80*45)/100 -> 14.57 | DU81: =(DU74*0.5+DU75*3+DU76*8+DU77*15.5+DU78*25.5+DU79*35.5+DU80*45)/100 -> 15.85 | DV81: =(DV74*0.5+DV75*3+DV76*8+DV77*15.5+DV78*25.5+DV79*35.5+DV80*45)/100 -> 18.265 | DW81: =(DW74*0.5+DW75*3+DW76*8+DW77*15.5+DW78*25.5+DW79*35.5+DW80*45)/100 -> 13.235 | DX81: =(DX74*0.5+DX75*3+DX76*8+DX77*15.5+DX78*25.5+DX79*35.5+DX80*45)/100 -> 24.61 | DZ81: =(DZ74*0.5+DZ75*3+DZ76*8+DZ77*15.5+DZ78*25.5+DZ79*35.5+DZ80*45)/100 -> 13.36 | EA81: =(EA74*0.5+EA75*3+EA76*8+EA77*15.5+EA78*25.5+EA79*35.5+EA80*45)/100 -> 13.095 | EB81: =(EB74*0.5+EB75*3+EB76*8+EB77*15.5+EB78*25.5+EB79*35.5+EB80*45)/100 -> 18.66 | EC81: =(EC74*0.5+EC75*3+EC76*8+EC77*15.5+EC78*25.5+EC79*35.5+EC80*45)/100 -> 16.185 | ED81: =(ED74*0.5+ED75*3+ED76*8+ED77*15.5+ED78*25.5+ED79*35.5+ED80*45)/100 -> 15.005 | EE81: =(EE74*0.5+EE75*3+EE76*8+EE77*15.5+EE78*25.5+EE79*35.5+EE80*45)/100 -> 16.43 | EF81: =(EF74*0.5+EF75*3+EF76*8+EF77*15.5+EF78*25.5+EF79*35.5+EF80*45)/100 -> 11.93 | EG81: =(EG74*0.5+EG75*3+EG76*8+EG77*15.5+EG78*25.5+EG79*35.5+EG80*45)/100 -> 11.375 | EI81: =(EI74*0.5+EI75*3+EI76*8+EI77*15.5+EI78*25.5+EI79*35.5+EI80*45)/100 -> 15.42 | EJ81: =(EJ74*0.5+EJ75*3+EJ76*8+EJ77*15.5+EJ78*25.5+EJ79*35.5+EJ80*45)/100 -> 27.62 | EK81: =(EK74*0.5+EK75*3+EK76*8+EK77*15.5+EK78*25.5+EK79*35.5+EK80*45)/100 -> 16.695 | EL81: =(EL74*0.5+EL75*3+EL76*8+EL77*15.5+EL78*25.5+EL79*35.5+EL80*45)/100 -> 14.05 | EM81: =(EM74*0.5+EM75*3+EM76*8+EM77*15.5+EM78*25.5+EM79*35.5+EM80*45)/100 -> 16.43 | EO81: =(EO74*0.5+EO75*3+EO76*8+EO77*15.5+EO78*25.5+EO79*35.5+EO80*45)/100 -> 17.67 | EP81: =(EP74*0.5+EP75*3+EP76*8+EP77*15.5+EP78*25.5+EP79*35.5+EP80*45)/100 -> 14.115 | ER81: =(ER74*0.5+ER75*3+ER76*8+ER77*15.5+ER78*25.5+ER79*35.5+ER80*45)/100 -> 17.68 | ES81: =(ES74*0.5+ES75*3+ES76*8+ES77*15.5+ES78*25.5+ES79*35.5+ES80*45)/100 -> 17.035 | ET81: =(ET74*0.5+ET75*3+ET76*8+ET77*15.5+ET78*25.5+ET79*35.5+ET80*45)/100 -> 15.29 | EU81: =(EU74*0.5+EU75*3+EU76*8+EU77*15.5+EU78*25.5+EU79*35.5+EU80*45)/100 -> 10.995 | EV81: =(EV74*0.5+EV75*3+EV76*8+EV77*15.5+EV78*25.5+EV79*35.5+EV80*45)/100 -> 14.68 | EW81: =(EW74*0.5+EW75*3+EW76*8+EW77*15.5+EW78*25.5+EW79*35.5+EW80*45)/100 -> 15.69 | EX81: =(EX74*0.5+EX75*3+EX76*8+EX77*15.5+EX78*25.5+EX79*35.5+EX80*45)/100 -> 19.435 | EY81: =(EY74*0.5+EY75*3+EY76*8+EY77*15.5+EY78*25.5+EY79*35.5+EY80*45)/100 -> 13.555 | ... GS81: =(GS74*0.5+GS75*3+GS76*8+GS77*15.5+GS78*25.5+GS79*35.5+GS80*45)/100 -> 23.99 | GV81: =(GV74*0.5+GV75*3+GV76*8+GV77*15.5+GV78*25.5+GV79*35.5+GV80*45)/100 -> 16.69217
A82: Looking at your daily commute, what is the worst time to start the day shift?
A83: Before 5:30 a.m. | AJ83: 5 | AK83: 0 | AL83: 5 | BF83: 14 | BO83: 25 | BP83: 44 | CL83: 14 | CW83: 18 | DA83: 26 | DE83: 11 | DF83: 26 | DG83: 18 | DH83: 11 | DL83: 13 | DM83: 4 | DP83: 44 | DS83: 18 | DT83: 19 | DU83: 27 | DV83: 15 | DW83: 20 | DY83: 53 | EE83: 33 | EN83: 10 | EX83: 27 | FH83: 11 | FI83: 21 | GV83: =AVERAGE(B83:GS83) -> 19.703704
A84: 5:30 a.m. | AJ84: 0 | AK84: 0 | AL84: 0 | BF84: 1 | BO84: 5 | BP84: 6 | CL84: 8 | CR84: 28 | CW84: 6 | DA84: 7 | DE84: 4 | DF84: 6 | DG84: 4 | DH84: 4 | DL84: 16 | DM84: 0 | DP84: 4 | DS84: 5 | DT84: 6 | DU84: 4 | DV84: 4 | DW84: 6 | DY84: 2 | EE84: 4 | EN84: 0 | EX84: 9 | FH84: 3 | FI84: 4 | GV84: =AVERAGE(B84:GS84) -> 5.2142857
A85: 6:00 a.m. | AJ85: 2 | AK85: 20 | AL85: 1 | AM85: 9 | BF85: 4 | BO85: 6 | BP85: 10 | CL85: 2 | CR85: 0 | CW85: 12 | DA85: 6 | DE85: 0 | DF85: 6 | DG85: 3 | DH85: 12 | DL85: 6 | DM85: 0 | DP85: 3 | DS85: 4 | DT85: 6 | DU85: 4 | DV85: 5 | DW85: 6 | DY85: 2 | EE85: 6 | EN85: 0 | EX85: 6 | FH85: 3 | FI85: 9 | GV85: =AVERAGE(B85:GS85) -> 5.2758621
A86: 6:30 a.m. | AJ86: 2 | AK86: 0 | AL86: 1 | AM86: 0 | BF86: 2 | BO86: 1 | BP86: 2 | CL86: 1 | CR86: 2 | CW86: 6 | DA86: 4 | DE86: 7 | DF86: 4 | DG86: 4 | DH86: 10 | DL86: 4 | DM86: 2 | DP86: 9 | DS86: 5 | DT86: 2 | DU86: 3 | DV86: 2 | DW86: 5 | DY86: 2 | EE86: 4 | EN86: 0 | EX86: 6 | FH86: 6 | FI86: 1 | GV86: =AVERAGE(B86:GS86) -> 3.3448276
A87: 7:00 a.m. | AJ87: 7 | AK87: 0 | AL87: 3 | AM87: 41 | BF87: 12 | BO87: 11 | BP87: 8 | CL87: 14 | CR87: 16 | CW87: 12 | DA87: 13 | DE87: 4 | DF87: 18 | DG87: 31 | DH87: 26 | DL87: 14 | DM87: 9 | DP87: 9 | DS87: 10 | DT87: 9 | DU87: 26 | DV87: 19 | DW87: 12 | DY87: 9 | EE87: 9 | EN87: 6 | EX87: 15 | FH87: 29 | FI87: 16 | GV87: =AVERAGE(B87:GS87) -> 14.068966
A88: 7:30 a.m. | AJ88: 7 | AK88: 40 | AL88: 9 | AM88: 18 | BF88: 10 | BO88: 4 | BP88: 1 | CL88: 6 | CR88: 4 | CW88: 0 | DA88: 2 | DE88: 18 | DF88: 6 | DG88: 10 | DH88: 7 | DL88: 12 | DM88: 9 | DP88: 1 | DS88: 6 | DT88: 5 | DU88: 13 | DV88: 14 | DW88: 8 | DY88: 1 | EE88: 5 | EN88: 3 | EX88: 5 | FH88: 3 | FI88: 4 | GV88: =AVERAGE(B88:GS88) -> 7.9655172
A89: 8:00 a.m. | AJ89: 39 | AK89: 40 | AL89: 48 | AM89: 23 | BF89: 30 | BO89: 26 | BP89: 5 | CL89: 27 | CR89: 26 | CW89: 24 | DA89: 26 | DE89: 37 | DF89: 14 | DG89: 12 | DH89: 18 | DL89: 16 | DM89: 52 | DP89: 10 | DS89: 14 | DT89: 14 | DU89: 13 | DV89: 21 | DW89: 12 | DY89: 8 | EE89: 14 | EN89: 29 | EX89: 13 | FH89: 26 | FI89: 24 | GV89: =AVERAGE(B89:GS89) -> 22.793103
A90: Later than 8:00 a.m. before noon | AJ90: 29 | AK90: 0 | AL90: 31 | AM90: 9 | BF90: 21 | BO90: 12 | BP90: 13 | CL90: 27 | CR90: 26 | CW90: 12 | DA90: 13 | DE90: 18 | DF90: 21 | DG90: 20 | DH90: 7 | DL90: 19 | DM90: 11 | DP90: 17 | DS90: 38 | DT90: 38 | DU90: 8 | DV90: 13 | DW90: 31 | DY90: 5 | EE90: 16 | EN90: 39 | EX90: 17 | FH90: 6 | FI90: 8 | GV90: =AVERAGE(B90:GS90) -> 18.103448
A91: Noon | AJ91: 5 | AK91: 0 | AL91: 2 | AM91: 0 | BF91: 2 | BO91: 4 | BP91: 4 | CL91: 0 | CW91: 0 | DA91: 0 | DE91: 0 | DH91: 2 | DM91: 4 | DP91: 0 | DU91: 1 | DV91: 3 | DY91: 9 | EE91: 2 | EN91: 0 | FH91: 0 | FI91: 1 | GV91: =AVERAGE(B91:GS91) -> 1.8571429
A92: 3:00 p.m. | AJ92: 2 | AK92: 0 | AL92: 1 | AM92: 0 | BF92: 4 | BO92: 8 | BP92: 8 | CL92: 0 | CW92: 12 | DA92: 6 | DE92: 0 | DH92: 3 | DM92: 7 | DP92: 3 | DU92: 2 | DV92: 3 | DY92: 8 | EE92: 8 | EN92: 13 | FH92: 11 | FI92: 6 | GV92: =AVERAGE(B92:GS92) -> 5
A93: AVERAGE | AJ93: =(AJ83*5+AJ84*5.5+AJ85*6+AJ86*6.5+AJ87*7+AJ88*7.5+AJ89*8+AJ90*10+AJ91*12+AJ92*15)/100 -> 8.435 | AK93: =(AK83*5+AK84*5.5+AK85*6+AK86*6.5+AK87*7+AK88*7.5+AK89*8+AK90*10+AK91*12+AK92*15)/100 -> 7.4 | AL93: =(AL83*5+AL84*5.5+AL85*6+AL86*6.5+AL87*7+AL88*7.5+AL89*8+AL90*10+AL91*12+AL92*15)/100 -> 8.59 | AM93: =(AM83*5+AM84*5.5+AM85*6+AM86*6.5+AM87*7+AM88*7.5+AM89*8+AM90*10+AM91*12+AM92*15)/100 -> 7.5 | BF93: =(BF83*5+BF84*5.5+BF85*6+BF86*6.5+BF87*7+BF88*7.5+BF89*8+BF90*10+BF91*12+BF92*15)/100 -> 8.055 | BO93: =(BO83*5+BO84*5.5+BO85*6+BO86*6.5+BO87*7+BO88*7.5+BO89*8+BO90*10+BO91*12+BO92*15)/100 -> 7.98 | BP93: =(BP83*5+BP84*5.5+BP85*6+BP86*6.5+BP87*7+BP88*7.5+BP89*8+BP90*10+BP91*12+BP92*15)/100 -> 7.275 | CL93: =(CL83*5+CL84*5.5+CL85*6+CL86*6.5+CL87*7+CL88*7.5+CL89*8+CL90*10+CL91*12+CL92*15)/100 -> 7.615 | CR93: =(CR83*5+CR84*5.5+CR85*6+CR86*6.5+CR87*7+CR88*7.5+CR89*8+CR90*10+CR91*12+CR92*15)/100 -> 7.77 | CW93: =(CW83*5+CW84*5.5+CW85*6+CW86*6.5+CW87*7+CW88*7.5+CW89*8+CW90*10+CW91*12+CW92*15)/100 -> 8.1 | DA93: =(DA83*5+DA84*5.5+DA85*6+DA86*6.5+DA87*7+DA88*7.5+DA89*8+DA90*10+DA91*12+DA92*15)/100 -> 7.645 | DE93: =(DE83*5+DE84*5.5+DE85*6+DE86*6.5+DE87*7+DE88*7.5+DE89*8+DE90*10+DE91*12+DE92*15)/100 -> 7.615 | DF93: =(DF83*5+DF84*5.5+DF85*6+DF86*6.5+DF87*7+DF88*7.5+DF89*8+DF90*10+DF91*12+DF92*15)/100 -> 7.18 | DG93: =(DG83*5+DG84*5.5+DG85*6+DG86*6.5+DG87*7+DG88*7.5+DG89*8+DG90*10+DG91*12+DG92*15)/100 -> 7.44 | DH93: =(DH83*5+DH84*5.5+DH85*6+DH86*6.5+DH87*7+DH88*7.5+DH89*8+DH90*10+DH91*12+DH92*15)/100 -> 7.315 | DL93: =(DL83*5+DL84*5.5+DL85*6+DL86*6.5+DL87*7+DL88*7.5+DL89*8+DL90*10+DL91*12+DL92*15)/100 -> 7.21 | DM93: =(DM83*5+DM84*5.5+DM85*6+DM86*6.5+DM87*7+DM88*7.5+DM89*8+DM90*10+DM91*12+DM92*15)/100 -> 8.425 | DP93: =(DP83*5+DP84*5.5+DP85*6+DP86*6.5+DP87*7+DP88*7.5+DP89*8+DP90*10+DP91*12+DP92*15)/100 -> 6.84 | DS93: =(DS83*5+DS84*5.5+DS85*6+DS86*6.5+DS87*7+DS88*7.5+DS89*8+DS90*10+DS91*12+DS92*15)/100 -> 7.81 | DT93: =(DT83*5+DT84*5.5+DT85*6+DT86*6.5+DT87*7+DT88*7.5+DT89*8+DT90*10+DT91*12+DT92*15)/100 -> 7.695 | DU93: =(DU83*5+DU84*5.5+DU85*6+DU86*6.5+DU87*7+DU88*7.5+DU89*8+DU90*10+DU91*12+DU92*15)/100 -> 7.06 | DV93: =(DV83*5+DV84*5.5+DV85*6+DV86*6.5+DV87*7+DV88*7.5+DV89*8+DV90*10+DV91*12+DV92*15)/100 -> 7.57 | DW93: =(DW83*5+DW84*5.5+DW85*6+DW86*6.5+DW87*7+DW88*7.5+DW89*8+DW90*10+DW91*12+DW92*15)/100 -> 7.515 | DY93: =(DY83*5+DY84*5.5+DY85*6+DY86*6.5+DY87*7+DY88*7.5+DY89*8+DY90*10+DY91*12+DY92*15)/100 -> 7.135 | EE93: =(EE83*5+EE84*5.5+EE85*6+EE86*6.5+EE87*7+EE88*7.5+EE89*8+EE90*10+EE91*12+EE92*15)/100 -> 7.655 | EN93: =(EN83*5+EN84*5.5+EN85*6+EN86*6.5+EN87*7+EN88*7.5+EN89*8+EN90*10+EN91*12+EN92*15)/100 -> 9.315 | EX93: =(EX83*5+EX84*5.5+EX85*6+EX86*6.5+EX87*7+EX88*7.5+EX89*8+EX90*10+EX91*12+EX92*15)/100 -> 6.76 | FH93: =(FH83*5+FH84*5.5+FH85*6+FH86*6.5+FH87*7+FH88*7.5+FH89*8+FH90*10+FH91*12+FH92*15)/100 -> 7.87 | FI93: =(FI83*5+FI84*5.5+FI85*6+FI86*6.5+FI87*7+FI88*7.5+FI89*8+FI90*10+FI91*12+FI92*15)/100 -> 7.035 | GV93: =(GV83*5+GV84*5.5+GV85*6+GV86*6.5+GV87*7+GV88*7.5+GV89*8+GV90*10+GV91*12+GV92*15)/100 -> 7.994828
A94: Have you ever worked shiftwork at another facility?
A95: Yes | B95: 48 | C95: 40 | D95: 47 | E95: 73 | G95: 38 | H95: 57 | I95: 43 | J95: 66 | K95: 59 | M95: 27 | N95: 50 | O95: 41 | P95: 46 | Q95: 71 | R95: 76 | S95: 45 | T95: 85 | U95: 33 | V95: 64 | W95: 60 | X95: 41 | Y95: 46 | Z95: 55 | AA95: 45 | AB95: 32 | AC95: 33 | AE95: 22 | AF95: 40 | AG95: 51 | AH95: 51 | AI95: 34 | AN95: 36 | AO95: 61 | AP95: 38 | AR95: 45 | AS95: 58 | AZ95: 45 | BB95: 63 | BC95: 52 | BD95: 41 | BF95: 38 | BG95: 27 | BI95: 49 | BJ95: 68 | BL95: 64 | BN95: 75 | BP95: 31 | BS95: 43 | BX95: 59 | BY95: 39 | BZ95: 41 | CC95: 54 | CD95: 33 | CH95: 52 | CI95: 48 | CJ95: 79 | CL95: 44 | CM95: 44 | CN95: 46 | CO95: 57 | CP95: 45 | CQ95: 66 | CS95: 80 | CT95: 21 | CU95: 48 | CV95: 63 | CY95: 43 | CZ95: 32 | DA95: 64 | DC95: 40 | DD95: 68 | DH95: 46 | DI95: 40 | DJ95: 77 | DL95: 47 | DM95: 34 | DN95: 48 | DO95: 73 | DP95: 58 | DQ95: 54 | DR95: 55 | DS95: 58 | DT95: 38 | DU95: 62 | DV95: 53 | DW95: 35 | DX95: 56 | DY95: 55 | DZ95: 46 | EA95: 50 | EB95: 49 | EC95: 80 | ED95: 42 | EE95: 56 | EF95: 25 | EG95: 59 | EH95: 61 | EI95: 48 | EK95: 60 | EL95: 58 | EM95: 39 | EN95: 74 | EO95: 61 | EP95: 71 | EQ95: 84 | ER95: 49 | ES95: 32 | ET95: 59 | EU95: 48 | EV95: 47 | EW95: 58 | EX95: 41 | EY95: 46 | EZ95: 43 | FB95: 27 | FF95: 21 | FG95: 36 | FH95: 57 | FI95: 67 | FJ95: 48 | FK95: 39 | FM95: 44 | FN95: 54 | FO95: 55 | FP95: 54 | FQ95: 58 | FR95: 55 | FS95: 51 | FT95: 35 | FV95: 54 | FW95: 70 | FX95: 55 | FY95: 73 | FZ95: 54 | GA95: 35 | GB95: 65 | GC95: 51 | GH95: 59 | GI95: 42 | GJ95: 63 | GK95: 48 | GL95: 70 | GM95: 31 | GN95: 34 | GO95: 43 | GP95: 57 | GQ95: 78 | GR95: 71 | GV95: =AVERAGE(B95:GS95) -> 51
A96: No | B96: 52 | C96: 60 | D96: 53 | E96: 27 | G96: 62 | H96: 43 | I96: 57 | J96: 34 | K96: 41 | M96: 73 | N96: 50 | O96: 59 | P96: 54 | Q96: 29 | R96: 24 | S96: 55 | T96: 15 | U96: 67 | V96: 36 | W96: 40 | X96: 59 | Y96: 54 | Z96: 45 | AA96: 54 | AB96: 68 | AC96: 67 | AE96: 77 | AF96: 60 | AG96: 49 | AH96: 49 | AI96: 66 | AN96: 64 | AO96: 39 | AP96: 62 | AR96: 55 | AS96: 42 | AZ96: 55 | BB96: 37 | BC96: 48 | BD96: 59 | BF96: 62 | BG96: 73 | BI96: 51 | BJ96: 32 | BL96: 36 | BN96: 25 | BP96: 69 | BS96: 57 | BX96: 41 | BY96: 61 | BZ96: 59 | CC96: 46 | CD96: 67 | CH96: 48 | CI96: 52 | CJ96: 21 | CL96: 56 | CM96: 56 | CN96: 54 | CO96: 43 | CP96: 55 | CQ96: 34 | CS96: 20 | CT96: 79 | CU96: 52 | CV96: 37 | CY96: 57 | CZ96: 68 | DA96: 36 | DC96: 60 | DD96: 32 | DH96: 54 | DI96: 60 | DJ96: 23 | DL96: 53 | DM96: 66 | DN96: 52 | DO96: 27 | DP96: 42 | DQ96: 46 | DR96: 45 | DS96: 42 | DT96: 62 | DU96: 38 | DV96: 47 | DW96: 65 | DX96: 44 | DY96: 45 | DZ96: 54 | EA96: 50 | EB96: 51 | EC96: 20 | ED96: 58 | EE96: 44 | EF96: 75 | EG96: 41 | EH96: 39 | EI96: 52 | EK96: 40 | EL96: 42 | EM96: 61 | EN96: 26 | EO96: 39 | EP96: 29 | EQ96: 16 | ER96: 51 | ES96: 68 | ET96: 41 | EU96: 52 | EV96: 53 | EW96: 42 | EX96: 59 | EY96: 54 | EZ96: 57 | FB96: 73 | FF96: 79 | FG96: 64 | FH96: 43 | FI96: 33 | FJ96: 52 | FK96: 61 | FM96: 56 | FN96: 46 | FO96: 45 | FP96: 46 | FQ96: 42 | FR96: 45 | FS96: 49 | FT96: 65 | FV96: 46 | FW96: 30 | FX96: 45 | FY96: 27 | FZ96: 46 | GA96: 65 | GB96: 35 | GC96: 49 | GH96: 41 | GI96: 58 | GJ96: 37 | GK96: 52 | GL96: 30 | GM96: 69 | GN96: 66 | GO96: 57 | GP96: 43 | GQ96: 22 | GR96: 29 | GV96: =AVERAGE(B96:GS96) -> 48.986486
A97: Health & Alertness
A98: Do you normally use an alarm clock to wake up after a sleep period? | GB98: 74
A99: Yes | B99: 76 | C99: 60 | D99: 86 | E99: 88 | G99: 68 | H99: 78 | J99: 89 | K99: 74 | M99: 90 | N99: 76 | O99: 68 | P99: 70 | Q99: 76 | R99: 90 | S99: 87 | T99: 89 | U99: 63 | V99: 69 | W99: 76 | X99: 87 | Y99: 70 | Z99: 89 | AA99: 64 | AB99: 74 | AC99: 71 | AD99: 99 | AE99: 77 | AF99: 87 | AG99: 55 | AH99: 82 | AI99: 90 | AJ99: 77 | AK99: 57 | AL99: 86 | AM99: 96 | AN99: 93 | AO99: 72 | AP99: 67 | AQ99: 56 | AR99: 78 | AS99: 71 | AT99: 67 | AZ99: 70 | BB99: 55 | BC99: 86 | BD99: 56 | BF99: 72 | BG99: 53 | BH99: 70 | BI99: 56 | BK99: 75 | BL99: 74 | BN99: 81 | BO99: 54 | BP99: 60 | BS99: 50 | BT99: 72 | BU99: 74 | BV99: 58 | BW99: 73 | BX99: 63 | BY99: 85 | BZ99: 58 | CA99: 86 | CB99: 61 | CC99: 67 | CD99: 44 | CE99: 75 | CF99: 79 | CG99: 79 | CH99: 60 | CI99: 66 | CJ99: 81 | CK99: 55 | CM99: 59 | CN99: 50 | CP99: 58 | CQ99: 83 | CS99: 62 | CT99: 61 | CU99: 75 | CV99: 54 | CW99: 71 | CX99: 77 | CY99: 43 | CZ99: 54 | DA99: 76 | DC99: 33 | DE99: 82 | DI99: 75 | DJ99: 72 | DK99: 70 | DL99: 56 | DM99: 47 | DN99: 62 | DQ99: 72 | DS99: 65 | DT99: 84 | DU99: 80 | DW99: 63 | DX99: 79 | DY99: 92 | EA99: 64 | EB99: 70 | EC99: 83 | EE99: 66 | EF99: 49 | EG99: 73 | EH99: 83 | EI99: 68 | EJ99: 59 | EK99: 70 | EL99: 84 | EN99: 81 | EO99: 64 | EP99: 77 | EQ99: 85 | ER99: 69 | ES99: 75 | ET99: 71 | EV99: 67 | EW99: 79 | EX99: 68 | EY99: 74 | EZ99: 70 | FA99: 91 | FB99: 76 | FC99: 68 | FD99: 96 | FE99: 68 | FF99: 58 | FG99: 71 | FH99: 74 | FI99: 73 | FJ99: 68 | FK99: 86 | FM99: 72 | FN99: 72 | FO99: 65 | FP99: 71 | FQ99: 70 | FR99: 82 | FS99: 69 | FT99: 68 | FU99: 81 | FV99: 70 | FW99: 74 | FX99: 82 | FY99: 84 | FZ99: 75 | GA99: 77 | GB99: 74 | GI99: 80 | GK99: 71 | GQ99: 34 | GR99: 72 | GV99: =AVERAGE(B99:GS99) -> 71.551282
A100: No | B100: 24 | C100: 40 | D100: 14 | E100: 12 | G100: 32 | H100: 22 | J100: 11 | K100: 26 | M100: 10 | N100: 24 | O100: 32 | P100: 30 | Q100: 24 | R100: 10 | S100: 13 | T100: 11 | U100: 37 | V100: 31 | W100: 24 | X100: 13 | Y100: 30 | Z100: 9 | AA100: 35 | AB100: 26 | AC100: 29 | AD100: 1 | AE100: 22 | AF100: 13 | AG100: 45 | AH100: 18 | AI100: 10 | AJ100: 23 | AK100: 43 | AL100: 14 | AM100: 4 | AN100: 7 | AO100: 28 | AP100: 33 | AQ100: 44 | AR100: 22 | AS100: 29 | AT100: 33 | AZ100: 30 | BB100: 45 | BC100: 14 | BD100: 44 | BF100: 28 | BG100: 47 | BH100: 30 | BI100: 44 | BK100: 25 | BL100: 26 | BN100: 19 | BO100: 46 | BP100: 40 | BS100: 50 | BT100: 28 | BU100: 26 | BV100: 42 | BW100: 27 | BX100: 37 | BY100: 15 | BZ100: 42 | CA100: 14 | CB100: 39 | CC100: 33 | CD100: 56 | CE100: 25 | CF100: 21 | CG100: 21 | CH100: 40 | CI100: 34 | CJ100: 19 | CK100: 45 | CM100: 41 | CN100: 50 | CP100: 42 | CQ100: 17 | CS100: 38 | CT100: 39 | CU100: 25 | CV100: 46 | CW100: 29 | CX100: 23 | CY100: 57 | CZ100: 46 | DA100: 24 | DC100: 67 | DE100: 18 | DI100: 25 | DJ100: 28 | DK100: 30 | DL100: 44 | DM100: 53 | DN100: 38 | DQ100: 28 | DS100: 35 | DT100: 16 | DU100: 20 | DW100: 37 | DX100: 21 | DY100: 8 | EA100: 36 | EB100: 30 | EC100: 17 | EE100: 34 | EF100: 51 | EG100: 27 | EH100: 17 | EI100: 32 | EJ100: 41 | EK100: 30 | EL100: 16 | EN100: 19 | EO100: 36 | EP100: 23 | EQ100: 15 | ER100: 31 | ES100: 25 | ET100: 29 | EV100: 33 | EW100: 21 | EX100: 32 | EY100: 27 | EZ100: 30 | FA100: 9 | FB100: 24 | FC100: 31 | FD100: 4 | FE100: 32 | FF100: 42 | FG100: 29 | FH100: 26 | FI100: 27 | FJ100: 32 | FK100: 14 | FM100: 28 | FN100: 28 | FO100: 35 | FP100: 29 | FQ100: 30 | FR100: 18 | FS100: 31 | FT100: 32 | FU100: 19 | FV100: 30 | FW100: 25 | FX100: 18 | FY100: 16 | FZ100: 25 | GA100: 23 | GB100: 26 | GI100: 20 | GK100: 29 | GQ100: 66 | GR100: 28 | GV100: =AVERAGE(B100:GS100) -> 28.416667
...

Sheet Deviations
A1: Change log
A3: Date | B3: Data link / cell | C3: Column / company | D3: Company | E3: Change | F3: Who | G3: Undone
A4: 44929 | B4: =data!GE21 -> 12.2825 | C4: GD and forward incl Total | D4: Essity South Glenn | E4: Changed the weight of 'Over 20' in the Average from 22.5 to 25 | F4: Erika & Jim | G4: Y
A5: 44929 | B5: =data!GE57 -> 46.22 | C5: GD and forward incl Total | D5: Essity South Glenn | E5: Changed the weight of '25 and under' from 22.5 to 23, 'over 50' from 57.5 to 60 | F5: Erika & Jim | G5: Y
A6: 44929 | B6: =data!GE238 -> 6.4081633 | C6: GD and forward incl Total | D6: Essity South Glenn | E6: Changed weight of 'less than 5 hours' from 4.5 to 4, and 'over 9 hours' from 9.5 to 10 | F6: Erika & Jim | G6: Y
A7: 44929 | B7: =data!GE256 -> 6.035753 | C7: GD and forward incl Total | D7: Essity South Glenn | E7: Changed weight of 'less than 5 hours' from 4.5 to 4, and 'over 9 hours' from 9.5 to 10 | F7: Erika & Jim | G7: Y
A8: 44929 | B8: =data!GE264 -> 7.45 | C8: GD and forward incl Total | D8: Essity South Glenn | E8: Changed weight of 'less than 5 hours' from 4.5 to 4, and 'over 9 hours' from 9.5 to 10 | F8: Erika & Jim | G8: Y
A9: 44929 | B9: =data!GE272 -> 6.8030303 | C9: GD and forward incl Total | D9: Essity South Glenn | E9: Changed weight of 'less than 5 hours' from 4.5 to 4, and 'over 9 hours' from 9.5 to 10 | F9: Erika & Jim | G9: Y
A10: 44929 | B10: =data!GE314 -> 11.5 | C10: GD and forward incl Total | D10: Essity South Glenn | E10: Chanded weight of 'more than 30 min' from 40 to 35 | F10: Erika & Jim | G10: Y
A13: Co | B13: Questions not found in norms
A14: BD Sparks | B14: Q47. How long is your scheduled lunch break?
A15: BD Sparks | B15: Q48. What is your preferred length for your lunch break?
A16: BD Sparks | B16: Q56. Would you be willing to work a scheduled overtime shift on one Saturday each month if it was part of your normal schedule?
A17: BD Columbus | B17: Q 14. Do you use an alarm clock to wake you on days that you work?
A18: BD Columbus | B18: 15. How many hours of sleep do you get on the days you are scheduled to work?
A19: BD Columbus | B19: Q 18. On days that I work, the quality of my sleep is good.
A20: BD Columbus | B20: 56. If you could have 3 days off in a week, which do you prefer?
A21: BD Covington | B21: 53. Would you be willing to work a scheduled overtime shift on one Saturday of each month if it was part of your normal schedule?
A22: Hemlock Legacy | B22: 11. Do you normally use an alarm clock to wake on your days off?
A23: Hemlock Legacy | B23: 42 If you could have 3 days off in a week, which do you prefer?
A24: UTZ P3 | B24: 14 How many hours of sleep do you get when you are working?
... A26: UTZ P3 | B26: 44 Which do you prefer?

Sheet Additions
A1: Added
A2: 44972 | B2: Essity Neenah | H2: Monelez How long
A3: 44960 | B3: Essity South Glen Falls | I3: weight | J3: % | K3: Average
A4: 44972 | B4: Essity Middletown | H4: l10 | I4: 5 | J4: 54 | K4: =I4*J4 -> 270
A5: 44982 | B5: Essity Harrodsburg | H5: 45585 | I5: 15 | J5: 27 | K5: =I5*J5 -> 405
A6: 44982 | B6: BD Four Oaks NC | H6: 21-30 | I6: 25 | J6: 13 | K6: =I6*J6 -> 325
A7: 44985 | B7: BD Sparks MD | H7: m30 | I7: 35 | J7: 7 | K7: =I7*J7 -> 245
A8: 44984 | B8: Andersen Windows Maintenance | K8: =SUM(K4:K7) -> 1245
A9: 44985 | B9: BD Columbus NE | K9: =K8/100 -> 12.45
A10: 2/29/2023 | B10: BD Covington GA
A11: 44990 | B11: Hemlock Legacy
A12: 44991 | B12: UTZ Plant 3
A13: 44992 | B13: UTZ Plant 4
A14: 44993 | B14: UTZ Plant 2
A15: 45014 | B15: Hemlock Finishing
B16: Campbells Beloit WE
A17: 45404 | B17: Mondelez

Sheet Averages before additions
B1: Industry
B2: Headcount
B3: Standard Questions | C3: Averages
A4: 1 | B4: What Department do you work in?
A6: 2 | B6: What is your job title?
A8: 3 | B8: What crew are you assigned to?
A9: 4 | B9: How long have you worked at this facility?
B10: Less than 1 year | C10: 8.8333333
B11: 1 to 5 years | C11: 20
B12: 6 to 10 years | C12: 11.666667
B13: 11 to 15 years | C13: 13.5
B14: 16 to 20 years | C14: 17.333333
B15: Over 20 years | C15: 27.166667
B16: AVERAGE | C16: 12.2525
A17: 5 | B17: Do you have a second job?
B18: Yes | C18: 9.1111111
B19: No | C19: 90.888889
A20: 6 | B20: Do you have children at home that require childcare when you are at work?
B21: Yes | C21: 28.375
B22: No | C22: 71.625
A23: 7 | B23: What is your gender?
B24: Female | C24: 33
B25: Male | C25: 67
A26: 8 | B26: What is your age group?
B27: Under 25 | C27: 4.5
B28: 26 to 30 | C28: 7.5
B29: 31 to 35 | C29: 10.666667
B30: 36 to 40 | C30: 16.333333
B31: 41 to 45 | C31: 25.666667
B32: 46 to 50 | C32: 15.5
B33: 50 to 55 | C33: 9.8333333
B34: Over 55 | C34: 8.1666667
B35: AVERAGE | C35: 40.795833
A36: 9 | B36: Which best describes your spouse or domestic partner's work status?
B37: Does not work outside of the home | C37: 18.444444
B38: Works a different schedule for this company | C38: 4.6666667
B39: Work a different schedule elsewhere | C39: 42.444444
B40: Works the same schedule at this company | C40: 4.6666667
B41: Works the same schedule elsewhere | C41: 11.333333
B42: I live alone | C42: 18.666667
A43: 10 | B43: Do you carpool to work?
B44: Yes | C44: 10.6
B45: No | C45: 89.4
A46: 11 | B46: How far do you commute to work (one way)?
B47: Less than 1 mile | C47: 2.2222222
B48: 1 to 5 miles | C48: 10.888889
B49: 6 to 10 miles | C49: 18.222222
B50: 11 to 20 miles | C50: 23.333333
B51: 21 to 30 miles | C51: 23.111111
B52: 31 to 40 miles | C52: 9.7777778
B53: More than 40 miles | C53: 12.444444
B54: AVERAGE | C54: 19.95
A55: 12 | B55: Have you ever worked shiftwork at another facility?
B56: Yes | C56: 49.8
B57: No | C57: 50.2
A58: 13 | B58: Are you a student?
B59: Yes | C59: 7.25
B60: No | C60: 92.75
A62: 14 | B62: Do you normally use an alarm clock to wake you after a sleep period?
B63: Yes | C63: 78.777778
B64: No | C64: 21.222222
A65: 15 | B65: How many hours of sleep do you get every 24-hour period when you are working day shift?
B66: Less than 5 hours | C66: 9.7777778
B67: Between 5 and 6 hours | C67: 31.888889
B68: Between 6 and 7 hours | C68: 33.666667
B69: Between 7 and 8 hours | C69: 17.444444
B70: Between 8 and 9 hours | C70: 3.7777778
B71: Over 9 hours | C71: 1.1111111
B72: I never work day shift | C72: 2.5555556
B73: AVERAGE | C73: 6.2674042
A74: 16 | B74: How many hours of sleep do you get every 24-hour period when you are working evening?
B75: Less than 5 hours | C75: 7.75
B76: Between 5 and 6 hours | C76: 19.25
B77: Between 6 and 7 hours | C77: 25.25
B78: Between 7 and 8 hours | C78: 16
B79: Between 8 and 9 hours | C79: 9.5
B80: Over 9 hours | C80: 2.25
B81: I never work the evening shift | C81: 20
B82: AVERAGE | C82: 6.5777848
A83: 17 | B83: How many hours of sleep do you get every 24-hour period when you are working night shift?
B84: Less than 5 hours | C84: 22
B85: Between 5 and 6 hours | C85: 28.5
B86: Between 6 and 7 hours | C86: 16.833333
B87: Between 7 and 8 hours | C87: 9.1666667
B88: Between 8 and 9 hours | C88: 2.5
B89: Over 9 hours | C89: 1.6666667
B90: I never work the night shift | C90: 19.5
B91: AVERAGE | C91: 5.8313397
A92: 18 | B92: How many hours of sleep do you get every 24-hour period when you are on your days off?
B93: Less than 5 hours | C93: 1.2222222
B94: Between 5 and 6 hours | C94: 9.7777778
B95: Between 6 and 7 hours | C95: 21.888889
B96: Between 7 and 8 hours | C96: 39.777778
B97: Between 8 and 9 hours | C97: 22
B98: Over 9 hours | C98: 5.3333333
B99: AVERAGE | C99: 8.2511972
A100: 19 | B100: How many hours of sleep do you need every 24-hour period to be fully alert?
B101: Less than 5 hours | C101: 3
B102: Between 5 and 6 hours | C102: 17.555556
B103: Between 6 and 7 hours | C103: 33.777778
...
